-- MySQL dump 10.13  Distrib 8.0.45, for Linux (x86_64)
--
-- Host: localhost    Database: eggit_db
-- ------------------------------------------------------
-- Server version	8.0.45

/*!40101 SET @OLD_CHARACTER_SET_CLIENT=@@CHARACTER_SET_CLIENT */;
/*!40101 SET @OLD_CHARACTER_SET_RESULTS=@@CHARACTER_SET_RESULTS */;
/*!40101 SET @OLD_COLLATION_CONNECTION=@@COLLATION_CONNECTION */;
/*!50503 SET NAMES utf8mb4 */;
/*!40103 SET @OLD_TIME_ZONE=@@TIME_ZONE */;
/*!40103 SET TIME_ZONE='+00:00' */;
/*!40014 SET @OLD_UNIQUE_CHECKS=@@UNIQUE_CHECKS, UNIQUE_CHECKS=0 */;
/*!40014 SET @OLD_FOREIGN_KEY_CHECKS=@@FOREIGN_KEY_CHECKS, FOREIGN_KEY_CHECKS=0 */;
/*!40101 SET @OLD_SQL_MODE=@@SQL_MODE, SQL_MODE='NO_AUTO_VALUE_ON_ZERO' */;
/*!40111 SET @OLD_SQL_NOTES=@@SQL_NOTES, SQL_NOTES=0 */;

--
-- Table structure for table `alembic_version`
--

DROP TABLE IF EXISTS `alembic_version`;
/*!40101 SET @saved_cs_client     = @@character_set_client */;
/*!50503 SET character_set_client = utf8mb4 */;
CREATE TABLE `alembic_version` (
  `version_num` varchar(32) NOT NULL,
  PRIMARY KEY (`version_num`)
) ENGINE=InnoDB DEFAULT CHARSET=utf8mb4 COLLATE=utf8mb4_0900_ai_ci;
/*!40101 SET character_set_client = @saved_cs_client */;

--
-- Dumping data for table `alembic_version`
--

LOCK TABLES `alembic_version` WRITE;
/*!40000 ALTER TABLE `alembic_version` DISABLE KEYS */;
INSERT INTO `alembic_version` VALUES ('5f98e9a8164b');
/*!40000 ALTER TABLE `alembic_version` ENABLE KEYS */;
UNLOCK TABLES;

--
-- Table structure for table `avatar_metas`
--

DROP TABLE IF EXISTS `avatar_metas`;
/*!40101 SET @saved_cs_client     = @@character_set_client */;
/*!50503 SET character_set_client = utf8mb4 */;
CREATE TABLE `avatar_metas` (
  `id` int NOT NULL AUTO_INCREMENT,
  `match_type` enum('VBS','LBS','LBG','VBG','LAS','LAG','VAG','VAS','DEFAULT') NOT NULL,
  `name` varchar(50) NOT NULL,
  PRIMARY KEY (`id`),
  UNIQUE KEY `uq_avatar_metas_match_type` (`match_type`),
  KEY `ix_avatar_metas_id` (`id`)
) ENGINE=InnoDB AUTO_INCREMENT=10 DEFAULT CHARSET=utf8mb4 COLLATE=utf8mb4_0900_ai_ci;
/*!40101 SET character_set_client = @saved_cs_client */;

--
-- Dumping data for table `avatar_metas`
--

LOCK TABLES `avatar_metas` WRITE;
/*!40000 ALTER TABLE `avatar_metas` DISABLE KEYS */;
INSERT INTO `avatar_metas` VALUES (1,'VBS','프론트엔드'),(2,'LBS','백엔드'),(3,'LBG','풀스택'),(4,'VBG','게임/앱'),(5,'LAS','AI/데이터'),(6,'LAG','DevOps/보안'),(7,'VAG','PM'),(8,'VAS','UI/UX'),(9,'DEFAULT','알');
/*!40000 ALTER TABLE `avatar_metas` ENABLE KEYS */;
UNLOCK TABLES;

--
-- Table structure for table `avatars`
--

DROP TABLE IF EXISTS `avatars`;
/*!40101 SET @saved_cs_client     = @@character_set_client */;
/*!50503 SET character_set_client = utf8mb4 */;
CREATE TABLE `avatars` (
  `id` int NOT NULL AUTO_INCREMENT,
  `user_id` int NOT NULL,
  `avatar_meta_id` int NOT NULL,
  `level` int DEFAULT NULL,
  `exp` int DEFAULT NULL,
  `growth_stage` enum('EGG','CHILD','ADULT','MASTER') DEFAULT NULL,
  PRIMARY KEY (`id`),
  UNIQUE KEY `uq_avatars_user_id` (`user_id`),
  KEY `fk_avatars_avatar_meta_id_avatar_metas` (`avatar_meta_id`),
  KEY `ix_avatars_id` (`id`),
  CONSTRAINT `fk_avatars_avatar_meta_id_avatar_metas` FOREIGN KEY (`avatar_meta_id`) REFERENCES `avatar_metas` (`id`),
  CONSTRAINT `fk_avatars_user_id_users` FOREIGN KEY (`user_id`) REFERENCES `users` (`id`)
) ENGINE=InnoDB AUTO_INCREMENT=68 DEFAULT CHARSET=utf8mb4 COLLATE=utf8mb4_0900_ai_ci;
/*!40101 SET character_set_client = @saved_cs_client */;

--
-- Dumping data for table `avatars`
--

LOCK TABLES `avatars` WRITE;
/*!40000 ALTER TABLE `avatars` DISABLE KEYS */;
INSERT INTO `avatars` VALUES (2,2,3,9,50,'CHILD'),(3,4,3,11,10,'ADULT'),(5,5,3,8,5,'CHILD'),(6,6,7,4,5,'CHILD'),(7,8,1,4,5,'CHILD'),(8,9,5,4,5,'CHILD'),(9,10,8,4,5,'CHILD'),(10,7,3,4,5,'CHILD'),(11,11,7,3,5,'CHILD'),(12,12,3,2,0,'CHILD'),(13,13,4,3,5,'CHILD'),(14,15,6,3,5,'CHILD'),(15,14,4,3,5,'CHILD'),(17,17,6,4,5,'CHILD'),(18,18,5,2,0,'CHILD'),(19,19,8,4,5,'CHILD'),(20,20,4,3,5,'CHILD'),(21,21,4,2,0,'CHILD'),(22,22,4,2,0,'CHILD'),(23,23,5,4,5,'CHILD'),(24,25,4,7,0,'CHILD'),(25,26,1,3,5,'CHILD'),(26,27,6,4,5,'CHILD'),(27,28,2,5,5,'CHILD'),(28,29,6,2,0,'CHILD'),(29,30,6,4,5,'CHILD'),(30,31,5,2,0,'CHILD'),(31,32,4,3,5,'CHILD'),(32,33,2,6,40,'CHILD'),(33,34,3,3,5,'CHILD'),(34,24,2,2,0,'CHILD'),(39,39,1,7,10,'CHILD'),(40,40,5,2,0,'CHILD'),(41,41,1,4,5,'CHILD'),(42,42,7,2,0,'CHILD'),(43,43,7,4,5,'CHILD'),(44,44,5,4,5,'CHILD'),(46,46,5,4,5,'CHILD'),(47,47,1,2,0,'CHILD'),(48,48,5,4,5,'CHILD'),(49,49,5,3,5,'CHILD'),(50,50,2,4,5,'CHILD'),(51,51,5,5,5,'CHILD'),(53,53,7,4,5,'CHILD'),(54,54,4,2,0,'CHILD'),(57,57,1,4,15,'CHILD'),(58,58,4,2,0,'CHILD'),(59,59,2,2,0,'CHILD'),(60,60,7,4,5,'CHILD'),(61,61,6,2,0,'CHILD'),(62,62,4,4,5,'CHILD'),(63,63,6,4,5,'CHILD'),(64,64,1,3,5,'CHILD'),(65,65,3,2,0,'CHILD'),(66,66,6,4,5,'CHILD'),(67,67,3,4,5,'CHILD');
/*!40000 ALTER TABLE `avatars` ENABLE KEYS */;
UNLOCK TABLES;

--
-- Table structure for table `blog_posts`
--

DROP TABLE IF EXISTS `blog_posts`;
/*!40101 SET @saved_cs_client     = @@character_set_client */;
/*!50503 SET character_set_client = utf8mb4 */;
CREATE TABLE `blog_posts` (
  `id` int NOT NULL AUTO_INCREMENT,
  `user_id` int NOT NULL,
  `title` varchar(255) NOT NULL,
  `category` varchar(100) DEFAULT NULL,
  `repository_name` varchar(255) NOT NULL,
  `theme_type` varchar(50) NOT NULL,
  `post_url` text NOT NULL,
  `created_at` datetime DEFAULT CURRENT_TIMESTAMP,
  PRIMARY KEY (`id`),
  KEY `fk_blog_posts_user_id_users` (`user_id`),
  KEY `ix_blog_posts_created_at` (`created_at`),
  KEY `ix_blog_posts_id` (`id`),
  KEY `ix_blog_posts_repository_name` (`repository_name`),
  KEY `ix_blog_posts_title` (`title`),
  CONSTRAINT `fk_blog_posts_user_id_users` FOREIGN KEY (`user_id`) REFERENCES `users` (`id`)
) ENGINE=InnoDB AUTO_INCREMENT=36 DEFAULT CHARSET=utf8mb4 COLLATE=utf8mb4_0900_ai_ci;
/*!40101 SET character_set_client = @saved_cs_client */;

--
-- Dumping data for table `blog_posts`
--

LOCK TABLES `blog_posts` WRITE;
/*!40000 ALTER TABLE `blog_posts` DISABLE KEYS */;
INSERT INTO `blog_posts` VALUES (4,4,'안녕','General','seoyeon208/seoyeon208.github.io','chirpy','https://seoyeon208.github.io/posts/안녕/','2026-02-04 08:34:22'),(9,4,'특화 도메인','General','seoyeon208/seoyeon208.github.io','chirpy','https://seoyeon208.github.io/posts/특화-도메인/','2026-02-04 08:57:09'),(11,4,'마크다운 문법 및 스타일 테스트','General/Test','seoyeon208/seoyeon208.github.io','chirpy','https://seoyeon208.github.io/posts/마크다운-문법-및-스타일-테스트/','2026-02-05 01:20:07'),(12,4,'안녕하세요','General/daily','seoyeon208/seoyeon208.github.io','chirpy','https://seoyeon208.github.io/posts/안녕하세요/','2026-02-05 01:30:13'),(13,4,'안녕하세요','General/daily','seoyeon208/seoyeon208.github.io','chirpy','https://seoyeon208.github.io/posts/안녕하세요/','2026-02-05 01:32:17'),(16,4,'두 번째 글','General/daily','seoyeon208/seoyeon208.github.io','chirpy','https://seoyeon208.github.io/posts/두-번째-글/','2026-02-05 02:05:30'),(18,25,'Data Models & Serializers','Architecture & Guides','bmc00-05/QuizPJT','docs','https://bmc00-05.github.io/QuizPJT/docs/architecture--guides/data-models--serializers/','2026-02-05 03:59:44'),(19,28,'Test','General','k-syou/k-syou.github.io','chirpy','https://k-syou.github.io/posts/test/','2026-02-05 04:21:43'),(21,33,'연습글','General','kimssafy126/kimssafy126.github.io','chirpy','https://kimssafy126.github.io/posts/연습글/','2026-02-05 05:16:30'),(22,25,'프로필 홈의 신규 뱃지 알림 흐름과 UX 개선','General','bmc00-05/bmc00-05.github.io','chirpy','https://bmc00-05.github.io/posts/프로필-홈의-신규-뱃지-알림-흐름과-ux-개선/','2026-02-05 06:52:38'),(23,25,'백엔드 뱃지 트리거 설계와 idempotent 보장','General','bmc00-05/bmc00-05.github.io','chirpy','https://bmc00-05.github.io/posts/백엔드-뱃지-트리거-설계와-idempotent-보장/','2026-02-05 06:53:27'),(25,39,'제목을 설정해봅시다 ','General','seonzero/seonzero.github.io','chirpy','https://seonzero.github.io/posts/제목을-설정해봅시다/','2026-02-06 05:28:04'),(26,44,'ㅎㅇㅎㅇ','General','jangsee95/jangsee95.github.io','chirpy','https://jangsee95.github.io/posts/ㅎㅇㅎㅇ/','2026-02-06 05:57:43'),(27,39,'제목 ','General','seonzero/seonzero.github.io','chirpy','https://seonzero.github.io/posts/제목/','2026-02-06 06:22:41'),(28,51,'오늘 점심 메뉴','General/Sub','kch0324/kch0324.github.io','chirpy','https://kch0324.github.io/posts/오늘-점심-메뉴/','2026-02-06 06:24:54'),(29,5,'데이터 정규화와 동의어 매칭 설계','General','belavenir21/belavenir21.github.io','chirpy','https://belavenir21.github.io/posts/데이터-정규화와-동의어-매칭-설계/','2026-02-06 06:35:52'),(30,57,'Jekyll + Chirpy로 블로그 배포 자동화','General','ssafytest-beep/ssafytest-beep.github.io','chirpy','https://ssafytest-beep.github.io/posts/jekyll-+-chirpy로-블로그-배포-자동화/','2026-02-06 06:39:02'),(31,39,'Jekyll + Chirpy 테마로 블로그 설정 및 배포 자동화','General','seonzero/seonzero.github.io','chirpy','https://seonzero.github.io/posts/jekyll-+-chirpy-테마로-블로그-설정-및-배포-자동화/','2026-02-06 06:39:11'),(32,4,'Jekyll + Chirpy 테마로 블로그 구성 및 배포하기','General','seoyeon208/seoyeon208.github.io','chirpy','https://seoyeon208.github.io/posts/jekyll-+-chirpy-테마로-블로그-구성-및-배포하기/','2026-02-06 07:34:03'),(33,2,'로컬 개발환경 재현성 확보를 위한 도구 사용','General','Yuwolx/Yuwolx.github.io','chirpy','https://Yuwolx.github.io/posts/로컬-개발환경-재현성-확보를-위한-도구-사용/','2026-02-07 12:22:17'),(34,2,'레이아웃 시스템 설계와 토큰화','General','Yuwolx/Yuwolx.github.io','chirpy','https://Yuwolx.github.io/posts/레이아웃-시스템-설계와-토큰화/','2026-02-08 07:59:22'),(35,2,'Introduction','General','Yuwolx/LAYOUTNEMO','docs','https://Yuwolx.github.io/LAYOUTNEMO/','2026-02-08 07:59:47');
/*!40000 ALTER TABLE `blog_posts` ENABLE KEYS */;
UNLOCK TABLES;

--
-- Table structure for table `blog_visit_logs`
--

DROP TABLE IF EXISTS `blog_visit_logs`;
/*!40101 SET @saved_cs_client     = @@character_set_client */;
/*!50503 SET character_set_client = utf8mb4 */;
CREATE TABLE `blog_visit_logs` (
  `id` int NOT NULL AUTO_INCREMENT,
  `owner_id` int NOT NULL,
  `visitor_ip_hash` varchar(64) NOT NULL,
  `visit_date` date NOT NULL,
  `created_at` datetime DEFAULT CURRENT_TIMESTAMP,
  PRIMARY KEY (`id`),
  UNIQUE KEY `unique_daily_visit_log` (`owner_id`,`visitor_ip_hash`,`visit_date`),
  KEY `ix_blog_visit_logs_id` (`id`),
  KEY `ix_blog_visit_logs_owner_id` (`owner_id`),
  CONSTRAINT `fk_blog_visit_logs_owner_id_users` FOREIGN KEY (`owner_id`) REFERENCES `users` (`id`)
) ENGINE=InnoDB AUTO_INCREMENT=126 DEFAULT CHARSET=utf8mb4 COLLATE=utf8mb4_0900_ai_ci;
/*!40101 SET character_set_client = @saved_cs_client */;

--
-- Dumping data for table `blog_visit_logs`
--

LOCK TABLES `blog_visit_logs` WRITE;
/*!40000 ALTER TABLE `blog_visit_logs` DISABLE KEYS */;
INSERT INTO `blog_visit_logs` VALUES (5,4,'0359177c69c923ab78e00ba587634a1e7056d7142f47e355a19b1a30b706ea27','2026-02-05','2026-02-05 00:56:03'),(8,4,'1315ed87801ea2dc6543e8a892f2bf7b91d767643e6da2d90bb0818c30bbb14d','2026-02-05','2026-02-05 00:59:48'),(39,28,'fbebf868d2603ed060a616085f9ec388477be95c261efa823a0a03e3613a2448','2026-02-05','2026-02-05 04:15:53'),(45,25,'caa3171119ef2515fc1023fb867fadec8b6a703efe4b6a65d2637562acf63d81','2026-02-05','2026-02-05 04:33:00'),(48,2,'376d0457d10d9c6eb187ee400b8391039cba38d13f16e61ee8ddeb032707e403','2026-02-05','2026-02-05 05:10:18'),(50,33,'0359177c69c923ab78e00ba587634a1e7056d7142f47e355a19b1a30b706ea27','2026-02-05','2026-02-05 05:16:44'),(52,2,'2b2c2a28f8165c8b26ba6c1cd71660f3f4d9a47d64e3d36b0ea64dbca2ee4227','2026-02-05','2026-02-05 05:45:58'),(53,2,'180b4066ab28e31d4323be49b8f093d20494cfd22bbe84acc5f63452b7242dbb','2026-02-05','2026-02-05 05:46:09'),(54,2,'7e36b4d5aaa61b5f93fe525e9f69e095ac80e964fc581b8b67c20841fd379225','2026-02-05','2026-02-05 06:09:00'),(56,39,'1315ed87801ea2dc6543e8a892f2bf7b91d767643e6da2d90bb0818c30bbb14d','2026-02-06','2026-02-06 00:45:57'),(57,5,'0359177c69c923ab78e00ba587634a1e7056d7142f47e355a19b1a30b706ea27','2026-02-06','2026-02-06 01:09:12'),(58,4,'0359177c69c923ab78e00ba587634a1e7056d7142f47e355a19b1a30b706ea27','2026-02-06','2026-02-06 01:10:20'),(59,5,'173692ab606b95a1f95a68d627d0d403b65546cfc373c98ad03f41bb01991350','2026-02-06','2026-02-06 01:14:51'),(61,25,'caa3171119ef2515fc1023fb867fadec8b6a703efe4b6a65d2637562acf63d81','2026-02-06','2026-02-06 01:33:56'),(78,33,'173692ab606b95a1f95a68d627d0d403b65546cfc373c98ad03f41bb01991350','2026-02-06','2026-02-06 03:32:23'),(83,5,'caa3171119ef2515fc1023fb867fadec8b6a703efe4b6a65d2637562acf63d81','2026-02-06','2026-02-06 05:41:28'),(84,44,'956da122de5649eebd7f7713f2431f9b551eef74733a02e7621bd9b307aeb170','2026-02-06','2026-02-06 05:57:02'),(85,43,'bee72b48816f779120ac4e71ce2336acb5fd3e6d1fb999d379372a9e2fc1539e','2026-02-06','2026-02-06 05:57:10'),(87,25,'d029d0a315e16dcf371ffcbf67ec9fd27b720097b3b6f8763aca5e06ea350acf','2026-02-06','2026-02-06 06:04:43'),(88,7,'aaee01775eeb84040fdd8bbcc216febff1f5b429c9eb8037ffcbba7d8e8de10d','2026-02-06','2026-02-06 06:04:53'),(92,51,'58ccca904496d280dd79f3e94c7e12c547abcbabbd458f4d4fc39108518c9578','2026-02-06','2026-02-06 06:25:17'),(93,57,'0359177c69c923ab78e00ba587634a1e7056d7142f47e355a19b1a30b706ea27','2026-02-06','2026-02-06 06:27:23'),(102,57,'1315ed87801ea2dc6543e8a892f2bf7b91d767643e6da2d90bb0818c30bbb14d','2026-02-06','2026-02-06 06:43:06'),(103,39,'0359177c69c923ab78e00ba587634a1e7056d7142f47e355a19b1a30b706ea27','2026-02-06','2026-02-06 06:45:20'),(104,51,'0359177c69c923ab78e00ba587634a1e7056d7142f47e355a19b1a30b706ea27','2026-02-06','2026-02-06 06:46:04'),(107,4,'58ccca904496d280dd79f3e94c7e12c547abcbabbd458f4d4fc39108518c9578','2026-02-06','2026-02-06 06:48:07'),(114,63,'2ed7846911380dff7d014d557f00b2087721a0f39fd5fd6898ecbbdbee38cb3f','2026-02-06','2026-02-06 11:28:34'),(115,44,'59094e6f88f2843dada8152e5907077be2b1340ddb2c1de2bc1adeb29c7b8a12','2026-02-06','2026-02-06 12:49:33'),(116,66,'514a7bdf5652cd756249c861498dce200f5c21f3c12171cd81075eac7ca2e509','2026-02-07','2026-02-07 04:21:55'),(117,66,'ec56fca12c92c107242a8a71b643b10b4e8849f9c7f57d78b00d384c4873d2bc','2026-02-07','2026-02-07 04:22:40'),(118,66,'979a7327110922738ca07a149939a2a93cb910ebe9bb3f4d4312f09fbea160af','2026-02-07','2026-02-07 04:27:10'),(119,66,'342f535682a526a70c01f473ac69ccc24fab049de46ecc7c73a143e46b92d2f8','2026-02-07','2026-02-07 04:28:55'),(120,66,'b373e663aa0e4c4bfe61e9233b0fe3e2648083b5c696ecb7d32d10fb4038df22','2026-02-07','2026-02-07 04:30:46'),(121,66,'b01e89cc3e3cc4cb7db8a450c35ef8ca28bc4282eedd20fde317abacdb0ac5ad','2026-02-07','2026-02-07 04:44:38'),(122,66,'d0514e9ef3944ad14af35064d630bd4ae86ec04f8fa0ed65783946728b39abd2','2026-02-07','2026-02-07 05:57:30'),(123,2,'44da93cb440ef336548a413bfc2269d544a1699ec6be3353c563d2e2204fe98c','2026-02-07','2026-02-07 12:23:03'),(124,5,'f0c8e345365d10d9d81ab894bb42e5a715a6b45bbcf50e2f3028278a75f30faf','2026-02-08','2026-02-08 08:00:38'),(125,2,'f0c8e345365d10d9d81ab894bb42e5a715a6b45bbcf50e2f3028278a75f30faf','2026-02-08','2026-02-08 08:01:09');
/*!40000 ALTER TABLE `blog_visit_logs` ENABLE KEYS */;
UNLOCK TABLES;

--
-- Table structure for table `calendars`
--

DROP TABLE IF EXISTS `calendars`;
/*!40101 SET @saved_cs_client     = @@character_set_client */;
/*!50503 SET character_set_client = utf8mb4 */;
CREATE TABLE `calendars` (
  `id` int NOT NULL AUTO_INCREMENT,
  `user_id` int NOT NULL,
  `repository_name` varchar(100) NOT NULL,
  `post_url` varchar(500) NOT NULL,
  `created_at` datetime DEFAULT NULL,
  PRIMARY KEY (`id`),
  KEY `ix_calendars_created_at` (`created_at`),
  KEY `ix_calendars_id` (`id`),
  KEY `ix_calendars_user_id` (`user_id`),
  CONSTRAINT `fk_calendars_user_id_users` FOREIGN KEY (`user_id`) REFERENCES `users` (`id`) ON DELETE CASCADE
) ENGINE=InnoDB DEFAULT CHARSET=utf8mb4 COLLATE=utf8mb4_0900_ai_ci;
/*!40101 SET character_set_client = @saved_cs_client */;

--
-- Dumping data for table `calendars`
--

LOCK TABLES `calendars` WRITE;
/*!40000 ALTER TABLE `calendars` DISABLE KEYS */;
/*!40000 ALTER TABLE `calendars` ENABLE KEYS */;
UNLOCK TABLES;

--
-- Table structure for table `chat_messages`
--

DROP TABLE IF EXISTS `chat_messages`;
/*!40101 SET @saved_cs_client     = @@character_set_client */;
/*!50503 SET character_set_client = utf8mb4 */;
CREATE TABLE `chat_messages` (
  `id` int NOT NULL AUTO_INCREMENT,
  `sender_id` int NOT NULL,
  `receiver_id` int NOT NULL,
  `message` text NOT NULL,
  `created_at` datetime DEFAULT NULL,
  PRIMARY KEY (`id`),
  KEY `fk_chat_messages_receiver_id_users` (`receiver_id`),
  KEY `fk_chat_messages_sender_id_users` (`sender_id`),
  KEY `ix_chat_messages_id` (`id`),
  CONSTRAINT `fk_chat_messages_receiver_id_users` FOREIGN KEY (`receiver_id`) REFERENCES `users` (`id`),
  CONSTRAINT `fk_chat_messages_sender_id_users` FOREIGN KEY (`sender_id`) REFERENCES `users` (`id`)
) ENGINE=InnoDB AUTO_INCREMENT=164 DEFAULT CHARSET=utf8mb4 COLLATE=utf8mb4_0900_ai_ci;
/*!40101 SET character_set_client = @saved_cs_client */;

--
-- Dumping data for table `chat_messages`
--

LOCK TABLES `chat_messages` WRITE;
/*!40000 ALTER TABLE `chat_messages` DISABLE KEYS */;
INSERT INTO `chat_messages` VALUES (4,10,5,'ㅎㅇㅎㅇ','2026-02-05 02:15:19'),(5,5,10,'gd','2026-02-05 02:15:22'),(6,5,10,'ㅎㅇ','2026-02-05 02:15:23'),(7,10,5,'ㅎㅇㅎㅇ','2026-02-05 02:15:23'),(8,5,10,'ㅋㅋ','2026-02-05 02:15:23'),(9,10,5,'ㅋㅋㅋㅋㅋ','2026-02-05 02:15:24'),(10,5,10,'어때염?','2026-02-05 02:15:25'),(11,10,5,'좋은데요??','2026-02-05 02:15:28'),(12,5,10,'나쁘지않죠','2026-02-05 02:15:28'),(13,5,10,'아니 프사 ㅅㅂ','2026-02-05 02:15:30'),(14,5,10,'지브리 개밤티','2026-02-05 02:15:33'),(15,10,5,'나쁘지않은데요','2026-02-05 02:15:33'),(16,5,10,'장난치나','2026-02-05 02:15:34'),(17,5,10,'ㅋㅋㅋㅋㅋㅋㅋㅋㅋ','2026-02-05 02:15:35'),(18,10,5,'스캠때','2026-02-05 02:15:35'),(19,5,10,'아','2026-02-05 02:15:36'),(20,10,5,'만든거에요','2026-02-05 02:15:37'),(21,5,10,'채팅 오류','2026-02-05 02:15:38'),(22,10,5,'역시 디자인','2026-02-05 02:15:47'),(23,10,5,'키치하세요','2026-02-05 02:15:52'),(24,5,10,'몰라','2026-02-05 02:15:53'),(25,5,10,'땡큐','2026-02-05 02:15:54'),(26,5,10,'Thanks a lot','2026-02-05 02:15:58'),(27,10,5,'invaild','2026-02-05 02:16:00'),(28,5,10,'오류개많네','2026-02-05 02:16:00'),(29,10,5,'date','2026-02-05 02:16:01'),(30,10,5,'저거','2026-02-05 02:16:02'),(31,5,10,'그니까','2026-02-05 02:16:03'),(32,5,10,'그거','2026-02-05 02:16:03'),(33,5,10,'어제부터있었는데','2026-02-05 02:16:05'),(34,5,10,'ㅈ댓네','2026-02-05 02:16:06'),(35,10,5,'까비','2026-02-05 02:16:07'),(36,10,5,'그래도','2026-02-05 02:16:09'),(37,10,5,'채팅은','2026-02-05 02:16:10'),(38,5,10,'고치는거까먹음','2026-02-05 02:16:10'),(39,10,5,'잘','2026-02-05 02:16:11'),(40,5,10,'아니 채팅창','2026-02-05 02:16:12'),(41,5,10,'꺼봐','2026-02-05 02:16:13'),(42,10,5,'되는데요ㅕ??','2026-02-05 02:16:13'),(43,5,10,'알림도떠','2026-02-05 02:16:15'),(44,10,5,'싫어요','2026-02-05 02:16:16'),(45,5,10,'알림누르면','2026-02-05 02:16:18'),(46,5,10,'채팅창열려','2026-02-05 02:16:20'),(47,5,10,'ㅎㅎㅎ헷','2026-02-05 02:16:21'),(48,5,10,'ㅇㄻㄴㅇㄹ','2026-02-05 02:16:24'),(49,5,10,'ㅇㄴㄻㄴㄹ','2026-02-05 02:16:24'),(50,5,10,'ㅁㄴㅇㄹ','2026-02-05 02:16:25'),(51,5,10,'ㅁ','2026-02-05 02:16:25'),(52,10,5,'오','2026-02-05 02:16:25'),(53,5,10,'오지?','2026-02-05 02:16:26'),(54,10,5,'좋은데요','2026-02-05 02:16:27'),(55,5,10,'근데 그 채팅방으로는','2026-02-05 02:16:33'),(56,5,10,'바로안들어가지네','2026-02-05 02:16:35'),(57,5,10,'화긴','2026-02-05 02:16:37'),(58,10,5,'저 아바타','2026-02-05 02:16:38'),(59,10,5,'꾸미기','2026-02-05 02:16:40'),(60,5,10,'ㅇㅇ','2026-02-05 02:16:41'),(61,10,5,'안되나요?','2026-02-05 02:16:42'),(62,5,10,'아 그거','2026-02-05 02:16:43'),(63,5,10,'도트찍어야되는데','2026-02-05 02:16:46'),(64,5,10,'너무바빠가지고','2026-02-05 02:16:49'),(65,10,5,'아바타는 또 뭐할때','2026-02-05 02:16:56'),(66,10,5,'쓰나요??','2026-02-05 02:16:57'),(67,5,10,'일단 MVP','2026-02-05 02:16:59'),(68,5,10,'에서','2026-02-05 02:17:00'),(69,5,10,'뺏어요','2026-02-05 02:17:01'),(70,5,10,'아바타는','2026-02-05 02:17:02'),(71,5,10,'열심히 키우면','2026-02-05 02:17:03'),(72,5,10,'레벨업을해요!!','2026-02-05 02:17:05'),(73,10,5,'저 lv4에요','2026-02-05 02:17:09'),(74,10,5,'스킬찍는건 없나요','2026-02-05 02:17:13'),(75,10,5,'아바타 움직이고','2026-02-05 02:17:19'),(76,10,5,'싶어요','2026-02-05 02:17:20'),(77,10,5,'저기 안에','2026-02-05 02:17:26'),(78,10,5,'메타벗','2026-02-05 02:17:28'),(79,10,5,'만들어주세요','2026-02-05 02:17:32'),(80,5,10,'그것ㄷ','2026-02-05 02:17:41'),(81,10,5,'가만히 냅두고 싶지가 않아요','2026-02-05 02:17:41'),(82,5,10,'ㅗ','2026-02-05 02:17:41'),(83,5,10,'원래','2026-02-05 02:17:42'),(84,5,10,'하고싶엇는데','2026-02-05 02:17:44'),(85,5,10,'원래얘가말도하고하는데','2026-02-05 02:17:49'),(86,5,10,'이것저것 근데 좀','2026-02-05 02:17:51'),(87,5,10,'써보세요','2026-02-05 02:17:52'),(88,5,10,'퀘스트도 깨보시고','2026-02-05 02:17:54'),(89,10,5,'퀘스트 하나깻어요','2026-02-05 02:17:59'),(90,10,5,'파이썬','2026-02-05 02:18:00'),(91,10,5,'리스트컴프리헨션','2026-02-05 02:18:03'),(92,10,5,'문제 맞췄어요','2026-02-05 02:18:07'),(93,5,10,'축하해요','2026-02-05 02:18:13'),(94,5,10,'방명록도','2026-02-05 02:18:15'),(95,5,10,'써보세요','2026-02-05 02:18:16'),(96,5,10,'블로그도 써보시고요','2026-02-05 02:18:33'),(97,5,10,'설문참여도좀','2026-02-05 02:18:43'),(98,5,10,'하시고요','2026-02-05 02:18:44'),(130,33,4,'QA 중','2026-02-05 05:18:09'),(131,33,4,'잘 보내지나','2026-02-05 05:18:12'),(132,33,4,'??','2026-02-05 05:18:14'),(133,51,4,'ㅎㅇ','2026-02-06 06:33:01'),(134,4,51,'그래','2026-02-06 06:35:07'),(135,4,51,'안녕','2026-02-06 06:35:09'),(136,51,4,'https://i14b209.p.ssafy.io/login','2026-02-06 06:35:25'),(137,51,4,'이거 우리껀데','2026-02-06 06:35:30'),(138,51,4,'심심하면 봐','2026-02-06 06:35:35'),(139,51,4,'근데 1반 공지가 없어서 아쉽','2026-02-06 06:35:45'),(140,4,51,'그게머야','2026-02-06 06:35:50'),(141,4,51,'소통에 올려','2026-02-06 06:35:53'),(142,4,51,'나 활동중인거 떠?','2026-02-06 06:36:04'),(143,51,4,'응 떠','2026-02-06 06:36:10'),(144,4,51,'내가 구현했어','2026-02-06 06:36:15'),(145,4,51,'웹소켓도 내가 했어','2026-02-06 06:36:27'),(146,51,4,'실시간 채팅 좋다','2026-02-06 06:36:28'),(147,4,51,'좋지','2026-02-06 06:36:31'),(148,51,4,'멋진데','2026-02-06 06:36:38'),(149,4,51,'오빠 팀에','2026-02-06 06:37:42'),(150,4,51,'심심한사람들','2026-02-06 06:37:44'),(151,4,51,'써보라해','2026-02-06 06:37:46'),(152,51,4,'근데','2026-02-06 06:39:44'),(153,51,4,'나빼고 뭐하고있어','2026-02-06 06:39:46'),(154,51,4,'영상편집','2026-02-06 06:39:48'),(155,51,4,'ㅋㅋㅋ','2026-02-06 06:39:49'),(156,4,51,'오빠가','2026-02-06 06:49:41'),(157,4,51,'튜토리얼 길다고','2026-02-06 06:49:45'),(158,4,51,'작서했어?','2026-02-06 06:49:46'),(159,39,57,'안녕','2026-02-06 08:10:55'),(160,39,57,'ㅎ이','2026-02-06 08:12:16'),(161,39,57,'하이하이','2026-02-06 08:12:18'),(162,2,5,'시연 확인','2026-02-07 12:23:43'),(163,2,5,'발표 화면 녹화','2026-02-08 08:00:23');
/*!40000 ALTER TABLE `chat_messages` ENABLE KEYS */;
UNLOCK TABLES;

--
-- Table structure for table `daily_checkin_logs`
--

DROP TABLE IF EXISTS `daily_checkin_logs`;
/*!40101 SET @saved_cs_client     = @@character_set_client */;
/*!50503 SET character_set_client = utf8mb4 */;
CREATE TABLE `daily_checkin_logs` (
  `id` int NOT NULL AUTO_INCREMENT,
  `user_id` int NOT NULL,
  `checkin_date` date NOT NULL,
  `created_at` datetime DEFAULT CURRENT_TIMESTAMP,
  PRIMARY KEY (`id`),
  UNIQUE KEY `uq_user_checkin_daily` (`user_id`,`checkin_date`),
  KEY `ix_daily_checkin_logs_checkin_date` (`checkin_date`),
  KEY `ix_daily_checkin_logs_id` (`id`),
  KEY `ix_daily_checkin_logs_user_id` (`user_id`),
  CONSTRAINT `fk_daily_checkin_logs_user_id_users` FOREIGN KEY (`user_id`) REFERENCES `users` (`id`) ON DELETE CASCADE
) ENGINE=InnoDB AUTO_INCREMENT=106 DEFAULT CHARSET=utf8mb4 COLLATE=utf8mb4_0900_ai_ci;
/*!40101 SET character_set_client = @saved_cs_client */;

--
-- Dumping data for table `daily_checkin_logs`
--

LOCK TABLES `daily_checkin_logs` WRITE;
/*!40000 ALTER TABLE `daily_checkin_logs` DISABLE KEYS */;
INSERT INTO `daily_checkin_logs` VALUES (2,2,'2026-02-04','2026-02-04 08:05:15'),(3,4,'2026-02-04','2026-02-04 08:05:29'),(5,5,'2026-02-04','2026-02-04 08:06:06'),(8,5,'2026-02-05','2026-02-04 23:55:41'),(9,4,'2026-02-05','2026-02-05 00:02:57'),(15,6,'2026-02-05','2026-02-05 02:08:06'),(16,8,'2026-02-05','2026-02-05 02:08:29'),(17,9,'2026-02-05','2026-02-05 02:08:56'),(18,10,'2026-02-05','2026-02-05 02:09:09'),(19,7,'2026-02-05','2026-02-05 02:10:23'),(20,11,'2026-02-05','2026-02-05 02:10:51'),(21,12,'2026-02-05','2026-02-05 02:12:23'),(22,13,'2026-02-05','2026-02-05 02:12:30'),(24,15,'2026-02-05','2026-02-05 02:14:46'),(25,14,'2026-02-05','2026-02-05 02:14:49'),(27,17,'2026-02-05','2026-02-05 02:18:02'),(28,18,'2026-02-05','2026-02-05 02:18:47'),(29,19,'2026-02-05','2026-02-05 02:24:42'),(30,20,'2026-02-05','2026-02-05 02:27:48'),(31,2,'2026-02-05','2026-02-05 02:44:11'),(34,21,'2026-02-05','2026-02-05 03:09:12'),(37,22,'2026-02-05','2026-02-05 03:16:39'),(38,23,'2026-02-05','2026-02-05 03:19:52'),(39,25,'2026-02-05','2026-02-05 03:31:18'),(40,26,'2026-02-05','2026-02-05 03:38:36'),(41,27,'2026-02-05','2026-02-05 03:50:12'),(42,28,'2026-02-05','2026-02-05 03:54:40'),(43,29,'2026-02-05','2026-02-05 04:15:02'),(44,30,'2026-02-05','2026-02-05 04:15:04'),(45,31,'2026-02-05','2026-02-05 04:22:44'),(47,32,'2026-02-05','2026-02-05 04:38:51'),(48,33,'2026-02-05','2026-02-05 05:08:35'),(49,34,'2026-02-05','2026-02-05 05:34:40'),(50,24,'2026-02-05','2026-02-05 06:10:25'),(53,25,'2026-02-06','2026-02-05 23:47:12'),(55,4,'2026-02-06','2026-02-06 00:07:05'),(59,33,'2026-02-06','2026-02-06 00:21:28'),(62,39,'2026-02-06','2026-02-06 00:36:31'),(65,5,'2026-02-06','2026-02-06 03:45:14'),(67,40,'2026-02-06','2026-02-06 05:39:12'),(68,15,'2026-02-06','2026-02-06 05:41:21'),(69,41,'2026-02-06','2026-02-06 05:41:33'),(70,42,'2026-02-06','2026-02-06 05:41:56'),(71,43,'2026-02-06','2026-02-06 05:48:18'),(72,44,'2026-02-06','2026-02-06 05:50:58'),(74,10,'2026-02-06','2026-02-06 05:57:57'),(75,19,'2026-02-06','2026-02-06 05:58:22'),(76,46,'2026-02-06','2026-02-06 05:59:01'),(77,7,'2026-02-06','2026-02-06 05:59:43'),(78,47,'2026-02-06','2026-02-06 06:02:41'),(79,48,'2026-02-06','2026-02-06 06:02:43'),(80,49,'2026-02-06','2026-02-06 06:07:08'),(81,50,'2026-02-06','2026-02-06 06:08:04'),(82,51,'2026-02-06','2026-02-06 06:11:50'),(84,53,'2026-02-06','2026-02-06 06:16:55'),(85,54,'2026-02-06','2026-02-06 06:18:02'),(88,57,'2026-02-06','2026-02-06 06:20:32'),(89,58,'2026-02-06','2026-02-06 06:21:25'),(90,31,'2026-02-06','2026-02-06 06:53:35'),(92,59,'2026-02-06','2026-02-06 07:41:39'),(93,60,'2026-02-06','2026-02-06 07:53:44'),(94,26,'2026-02-06','2026-02-06 07:55:24'),(95,61,'2026-02-06','2026-02-06 08:04:21'),(96,62,'2026-02-06','2026-02-06 08:43:38'),(97,63,'2026-02-06','2026-02-06 11:13:03'),(98,64,'2026-02-06','2026-02-06 12:03:24'),(99,65,'2026-02-06','2026-02-06 14:49:08'),(100,47,'2026-02-07','2026-02-06 15:49:05'),(101,66,'2026-02-07','2026-02-07 03:58:52'),(102,2,'2026-02-07','2026-02-07 12:15:58'),(103,25,'2026-02-07','2026-02-07 12:24:52'),(104,67,'2026-02-08','2026-02-08 06:18:04'),(105,2,'2026-02-08','2026-02-08 07:54:50');
/*!40000 ALTER TABLE `daily_checkin_logs` ENABLE KEYS */;
UNLOCK TABLES;

--
-- Table structure for table `daily_gifts`
--

DROP TABLE IF EXISTS `daily_gifts`;
/*!40101 SET @saved_cs_client     = @@character_set_client */;
/*!50503 SET character_set_client = utf8mb4 */;
CREATE TABLE `daily_gifts` (
  `id` int NOT NULL AUTO_INCREMENT,
  `user_id` int NOT NULL,
  `content` json NOT NULL,
  `target_date` varchar(10) DEFAULT NULL,
  `is_opened` tinyint(1) DEFAULT NULL,
  `is_solved` tinyint(1) DEFAULT NULL,
  `created_at` datetime DEFAULT CURRENT_TIMESTAMP,
  PRIMARY KEY (`id`),
  KEY `fk_daily_gifts_user_id_users` (`user_id`),
  KEY `ix_daily_gifts_id` (`id`),
  KEY `ix_daily_gifts_target_date` (`target_date`),
  CONSTRAINT `fk_daily_gifts_user_id_users` FOREIGN KEY (`user_id`) REFERENCES `users` (`id`)
) ENGINE=InnoDB AUTO_INCREMENT=88 DEFAULT CHARSET=utf8mb4 COLLATE=utf8mb4_0900_ai_ci;
/*!40101 SET character_set_client = @saved_cs_client */;

--
-- Dumping data for table `daily_gifts`
--

LOCK TABLES `daily_gifts` WRITE;
/*!40000 ALTER TABLE `daily_gifts` DISABLE KEYS */;
INSERT INTO `daily_gifts` VALUES (1,4,'{\"blog_item\": {\"title\": \"Gemfile 관리와 최적화를 통한 의존성 관리 입문\", \"outline\": \"최근에 Gemfile 관리 및 최적화 관련 작업을 하셨군요! 이와 관련된 의존성 관리와 최적화 전략에 대해 정리해보는 건 어떨까요?\\n- Gemfile의 목적과 구조, Bundler의 역할 간단 소개\\n- Gemfile.lock의 중요성과 버전 재현성 유지 방법\\n- 개발/운영 환경에서의 의존성 버전 관리 전략\\n- Eggit 같은 도구를 활용한 변경 관리 흐름과 자동화 팁\\n- SCSS/HTML/Shell 프로젝트에서의 빌드 및 배포 파이프라인의 간단 예시\\n- 향후 개선 방향과 학습 포인트\"}, \"quiz_item\": {\"options\": [\"emfile은 의존성 목록을 선언하는 파일이고 Gemfile.lock은 의존성 트리의 실제 버전을 고정합니다\", \"emfile.lock은 개발 환경에서만 사용되고 배포에는 사용되지 않습니다\", \"undler는 자바스크립트 패키지 관리 도구입니다\", \"emfile은 실행 코드의 로딩 순서를 결정합니다\"], \"question\": \"Gemfile과 Gemfile.lock의 역할 중 옳은 설명은 무엇인가요?\", \"answer_idx\": 0, \"explanation\": \"정답은 첫 번째 선택지입니다. Gemfile은 의존성 목록을 선언하는 파일이고 Gemfile.lock은 의존성 트리의 구체 버전을 고정하여 재현 가능한 설치를 보장합니다. Bundler가 Gemfile과 Gemfile.lock를 해석해 의존성을 설치합니다. 나머지 보기들은 사실이 아닙니다.\"}}','2026-02-04',1,1,'2026-02-04 08:05:42'),(2,2,'{\"blog_item\": {\"title\": \"README.md 업데이트로 배우는 문서화와 리포지토리 관리의 기초\", \"outline\": \"최근에 README.md 업데이트 관련 작업을 하셨군요! 이와 관련된 문서화(Docs)와 GitHub 리포지토리 관리에 대해 정리해보는 건 어떨까요?\\n- 서론: 이번 작업의 맥락과 README 업데이트의 목표를 간략히 소개\\n- README 구조 가이드: 프로젝트 개요, 설치 방법, 사용 예시, 기여 방법, 라이선스 등 핵심 섹션 정리\\n- 마크다운 작성 팁: 헤더 구성, 코드 블록, 표, 이미지 삽입 등 실용 팁\\n- 버전 관리 관점: 커밋 메시지 원칙, 릴리스 노트 작성 및 태깅 전략\\n- 기술 스택 연결 포인트: Jupyter Notebook, Python, TypeScript 관련 예제와 리포지토리 내 협업 포인트\\n- 실전 예시 아이디어: 간단한 README 예시 구조와 노트북 예제 연결\\n- 결론과 독자 활동 제안: 피드백 요청 및 다음 업데이트 아이디어\"}, \"quiz_item\": {\"options\": [\"ython 파일(.py)을 모듈로 만들어 import하여 재사용한다\", \"노트북에서 모든 코드를 inline으로 유지하는 것이 가장 좋은 재사용 방법이다\", \"테스트 프레임워크 없이 노트북에서 직접 모든 단위 테스트를 하는 것이 좋다\", \"타입스크립트를 노트북에서 직접 실행하는 것이 가장 안정적\"], \"question\": \"Jupyter Notebook에서 코드 재사용을 쉽게 하려면 어떤 방식이 권장되나요?\", \"answer_idx\": 0, \"explanation\": \"노트북은 실험과 분석의 도구로 사용되지만, 코드의 재사용성과 재현성을 높이려면 .py 모듈로 함수와 클래스를 분리해 import하는 것이 best practice입니다. 이렇게 하면 버전 관리와 테스트도 쉬워집니다.\"}}','2026-02-04',1,0,'2026-02-04 08:05:44'),(5,5,'{\"blog_item\": {\"title\": \"Vue와 Python으로 시작하는 초간단 풀스택 애플리케이션 구축 가이드\", \"outline\": \"최근 커밋 내역이 없지만, Vue, Python, HTML을 주로 다루시네요! Vue와 Python으로 시작하는 간단한 풀스택 애플리케이션 구축에 대해 써보는 건 어떨까요?\\n\\n- 목표 독자와 주제 개요\\n- 프런트엔드 부분: Vue 3 구성요소와 컴포지션 API의 기본 사용법, 간단한 컴포넌트 예제\\n- 백엔드 부분: Python으로 만든 간단한 API 엔드포인트 예시(예: FastAPI 또는 Flask)\\n- 연결 방법: HTTP 요청, CORS 설정, 프록시 구성\\n- 데이터 모델 설계 및 파일/폴더 구조 제안\\n- 로컬 실행 및 테스트 방법\\n- 확장 아이디어와 학습 포인트\"}, \"quiz_item\": {\"options\": [\"inia\", \"uex\", \"ue Router\", \"uxt.js\"], \"question\": \"Vue 3에서 공식적으로 권장되는 상태 관리 라이브러리는 무엇인가요?\", \"answer_idx\": 0, \"explanation\": \"Vue 3에서는 Pinia가 공식적으로 권장되는 상태 관리 라이브러리로 자리잡고 있습니다. Vuex는 여전히 사용 가능하지만, 현 시점의 권장 도구는 Pinia이며 더 나은 타입 지원과 모듈화된 API를 제공합니다.\"}}','2026-02-04',1,1,'2026-02-04 08:06:23'),(8,5,'{\"blog_item\": {\"title\": \"Vue와 Python, HTML로 다지는 프론트엔드–백엔드 협업 실무 가이드\", \"outline\": \"최근 커밋 내역이 없지만, Vue, Python, HTML을 주로 다루시네요! 프론트엔드와 백엔드의 원활한 협업 팁에 대해 써보는 건 어떨까요?\\n- 프로젝트 구조와 기본 개발 워크플로우 정리\\n- Vue 컴포넌트와 Python 백엔드(API 설계)의 연결 방법 예시\\n- HTML 템플릿과 Vue의 동적 렌더링의 차이와 통합 팁\\n- 데이터 유효성 검사 및 타입 관리 전략(예: TypeScript, Pydantic 등)\\n- 간단한 CRUD 데모 아이디어와 구현 단계\\n- 배포와 CI/CD 체크리스트\"}, \"quiz_item\": {\"options\": [\"데이터가 변경되면 뷰가 자동으로 업데이트된다\", \"서버 데이터베이스를 자동으로 동기화하기 위해서\", \"TML 템플릿을 자동으로 생성하기 위해서\", \"SS 스타일을 데이터 속성에 매핑하기 위해서\"], \"question\": \"다음 중 Vue에서 데이터 바인딩의 주된 목적은 무엇인가요?\", \"answer_idx\": 0, \"explanation\": \"Vue의 데이터 바인딩은 뷰의 렌더링 결과를 데이터 상태와 연결하여 상태 변화 시 UI가 자동으로 업데이트되도록 한다. 이를 통해 프런트엔드 로직의 재사용성과 유지보수성을 높일 수 있다.\"}}','2026-02-05',1,1,'2026-02-04 23:56:18'),(9,4,'{\"blog_item\": {\"title\": \"특화 도메인 설계와 정적 블로그 포스트 구성 정리\", \"outline\": \"최근에 커밋에서 추가하신 b/_posts/General/2026-02-04-특화-도메인.md 파일 관련 작업을 하셨군요! 이와 관련된 도메인 특화 설계와 정적 블로그 포스트 구성에 대해 정리해보는 건 어떨까요?\\n- 포스트 메타데이터(front matter) 구성과 활용 방법\\n- 이미지 섹션 구성: path, alt, lqip의 역할과 최적화 전략\\n- 카테고리/태그 관리 및 글 구조의 통일성 유지\\n- Markdown 작성 팁과 포스트 재사용성 높이기\\n- SCSS/HTML를 이용한 간단한 스타일링 아이디어\"}, \"quiz_item\": {\"options\": [\"QIP는 이미지 로딩 시점의 사용자 경험을 개선하기 위해 낮은 품질의 미리보기 이미지를 먼저 보여주는 것\", \"QIP는 이미지 파일을 서버에서 자동으로 압축하는 기능\", \"QIP는 자바스크립트에서 비동기 로딩을 강제하는 CSS 속성\", \"QIP는 이미지 색공간을 변환하는 데이터 포맷\"], \"question\": \"LQIP(Low-Quality Image Placeholder)의 주요 목적은 무엇인가요?\", \"answer_idx\": 0, \"explanation\": \"LQIP는 완전한 고해상도 이미지가 로드되기 전에 낮은 품질의 미리보기 이미지를 먼저 보여주어 페이지 로딩 체감을 개선하는 기법입니다. 포스트의 메타데이터에 LQIP 데이터가 포함되었고, 이를 통해 초기 로딩 시 사용자가 즉시 시각적 피드백을 얻을 수 있습니다.\"}}','2026-02-05',1,1,'2026-02-05 00:03:22'),(10,6,'{\"blog_item\": {\"title\": \"자바스크립트, CSS, HTML로 배우는 접근성 가이드: 시맨틱 태그와 ARIA 활용\", \"outline\": \"최근 커밋 내역이 없지만, JavaScript, CSS, HTML을 주로 다루시네요! 접근성 향상을 위한 HTML 시맨틱 태그와 ARIA 활용에 대해 써보는 건 어떨까요?\\n- 서론: 접근성의 중요성과 글의 목표를 소개\\n- 시맨틱 태그의 개념과 적용 사례\\n- ARIA 속성의 기본 사용법과 주의점\\n- CSS와 JS에서의 접근성 유지 팁\\n- 실습 예제: 간단한 내비게이션 바의 시맨틱 태그와 ARIA 적용\\n- 성능과 유지보수 관점에서의 고려사항\\n- 마무리와 참고 자료\"}, \"quiz_item\": {\"options\": [\"async/await\", \"callback 함수\", \"romise.all\", \"setTimeout\"], \"question\": \"다음 중 자바스크립트에서 비동기 작업의 결과를 다루는 표준 방법은 무엇인가?\", \"answer_idx\": 0, \"explanation\": \"async/await는 프로미스 기반 비동기 코드를 더 읽기 쉽고 순차적으로 작성할 수 있게 해주는 문법입니다. async로 함수 선언 후 내부에서 await으로 비동기 작업의 결과를 기다리고, 필요하다가 try/catch로 에러를 처리합니다.\"}}','2026-02-05',1,1,'2026-02-05 02:08:05'),(11,8,'{\"blog_item\": {\"title\": \"일반 소프트웨어 개발에서 코드 품질을 높이는 실전 가이드\", \"outline\": \"최근 커밋 내역이 없지만, 일반 소프트웨어 개발을 주로 다루시네요! 코드 품질과 리팩토링의 원칙에 대해 써보는 건 어떨까요?\\n\\n- 서론에서 코드 품질의 중요성과 현업에의 영향 소개\\n- SOLID 원칙의 주요 내용과 실무 적용 방법에 대한 간단한 예시\\n- 모듈화와 의존성 관리: 느슨한 결합과 테스트 용이성의 상관관계\\n- TDD와 자동화 테스트의 역할 및 실전 팁\\n- 코드 리뷰와 리팩토링 루프의 설계 방법\\n- 독자에게 바로 적용 가능한 체크리스트 예시\\n- 마무리: 작은 시작점으로 프로젝트 품질을 개선하는 방법\"}, \"quiz_item\": {\"options\": [\"의존성 역전 원칙은 추상화에 의존하고 구체화에 의존하지 않도록 하여 모듈 간 결합을 낮춘다\", \"리팩토링은 코드의 실행 속도를 항상 향상시킨다\", \"디자인 패턴은 언제나 최적의 해결책이다\", \"상속은 항상 코드 재사용성을 높인다\"], \"question\": \"다음 중 모듈화를 촉진하는 설계 원칙은 무엇인가?\", \"answer_idx\": 0, \"explanation\": \"정답은 0번이다. 의존성 역전 원칙(DIP)은 모듈 간 결합을 낮추고 추상화에 의존하게 함으로써 모듈화를 촉진한다. 나머지 선택지는 일반적으로 모듈화 촉진과 직접적인 연관성이 낮거나 과도하게 일반화된 주장이다. 예를 들어 리팩토링이 항상 실행 속도를 높이지는 않으며 디자인 패턴이 항상 최적의 해결책은 아니다. 또한 상속이 항상 재사용성을 높인다는 보장은 없다.\"}}','2026-02-05',1,1,'2026-02-05 02:08:25'),(12,9,'{\"blog_item\": {\"title\": \"TypeScript 제네릭으로 타입 안전성과 재사용성을 높이는 방법\", \"outline\": \"최근 커밋 내역이 없지만, TypeScript, Java, JavaScript를 주로 다루시네요! TypeScript 제네릭의 이점과 활용법에 대해 써보는 건 어떨까요?\\n- 제네릭의 기본 아이디어와 간단한 문법 설명\\n- 함수와 클래스에서 제네릭을 활용한 타입 안전성 확보 예시\\n- 제네릭 제약과 조건부 타입, 유틸리티 타입의 개념 소개\\n- 일반적인 데이터 구조(리스트/맵 등)에서의 제네릭 설계 패턴\\n- 타입 추론을 통한 개발 생산성 향상과 런타임 비용에 대한 고려\\n- 실전 예제와 실용 팁, 참고 자료 및 학습 로드맷\"}, \"quiz_item\": {\"options\": [\"코드의 재사용성을 높이고 다양한 타입에 대해 일관된 API를 제공한다\", \"런타임에 타입을 강제한다\", \"컴파일 속도를 크게 향상시킨다\", \"모듈 시스템을 대체한다\"], \"question\": \"다음 중 TypeScript에서 제네릭을 사용하는 주된 이점은 무엇인가요?\", \"answer_idx\": 0, \"explanation\": \"제네릭은 컴파일 타임에 타입 안전성을 제공하여 다양한 타입에 대해 동일한 코드 구조를 재사용할 수 있게 해 줍니다. 런타임에는 영향이 없고, 타입 추론으로 개발 편의성을 높입니다.\"}}','2026-02-05',1,1,'2026-02-05 02:08:26'),(13,7,'{\"blog_item\": {\"title\": \"Elasticsearch REST API로 문서 CRUD 구현하기 (Python + Vue 예제)\", \"outline\": \"최근에 02_05/Elasticsearch REST API & Document CRUD/파일을 새로 추가하셨군요! 이와 관련된 Elasticsearch REST API와 문서 CRUD의 핵심 개념에 대해 정리해보는 건 어떨까요?\\n\\n- 소개: Elasticsearch의 데이터 교환 원리와 REST API의 기본 흐름\\n- REST API 특징: HTTP 메서드의 매핑, 자원 표현, 검색 엔진 특성 이해\\n- CRUD 흐름: 인덱스 생성, 문서 생성/조회/업데이트/삭제의 기본 흐름과 예시\\n- Python 예제: elasticsearch-py 또는 requests를 이용한 간단한 CRUD 코드 예시\\n- Vue/프런트엔드 연계: 검색 결과를 UI에 표시하는 간단한 컴포넌트 아이디어\\n- 실무 팁: 인증/권한 관리, 에러 핸들링, 재시도 로직, 로깅 전략\\n- 마무리: 학습 루트와 참고 자료 및 추가 학습 아이디어\"}, \"quiz_item\": {\"options\": [\"ET은 문서를 조회할 때 사용된다\", \"OST는 자동 ID 생성으로 문서를 생성하는 데 주로 사용된다\", \"UT은 특정 ID를 가진 문서를 생성하거나 업데이트할 때 사용된다\", \"ELETE는 문서를 삭제할 때 사용된다\"], \"question\": \"Elasticsearch에서 특정 ID를 가진 문서를 생성하려면 보통 어떤 HTTP 메서드를 사용합니까?\", \"answer_idx\": 2, \"explanation\": \"Elasticsearch에서 특정 ID를 가진 문서를 생성하려면 PUT /index/_doc/{id} 엔드포인트를 사용합니다. POST은 일반적으로 자동 ID 생성으로 문서를 생성하는 데 사용됩니다.\"}}','2026-02-05',1,1,'2026-02-05 02:08:34'),(14,10,'{\"blog_item\": {\"title\": \"Python과 Jupyter Notebook으로 데이터 분석 워크플로우를 최적화하는 실전 가이드\", \"outline\": \"최근 커밋 내역이 없지만, Python과 Jupyter Notebook을 주로 다루시네요! 데이터 분석 워크플로우를 최적화하는 방법에 대해 써보는 건 어떨까요?\\n\\n- 서론: 데이터 분석의 일반적 흐름과 노트북 활용의 이점 소개\\n- 데이터 불러오기와 전처리 파이프라인 설계\\n- Pandas와 NumPy를 이용한 기본 데이터 처리 예제\\n- 시각화와 재현성 확보를 위한 노트북 작성 팁\\n- 실습 예제 프로젝트 아이디어와 구현 로드맷\\n- 맺음말과 다음 글 예고\"}, \"quiz_item\": {\"options\": [\"squares = [i*i for i in range(10)]\", \"squares = {i*i for i in range(10)}\", \"squares = (i*i for i in range(10))\", \"squares = [i**2 for i in range(\'a\')]\"], \"question\": \"다음 중 파이썬 리스트 컴프리헨션의 올바른 사용 예시는 무엇인가요?\", \"answer_idx\": 0, \"explanation\": \"정답은 첫 번째 예시로, 대괄호를 사용해 리스트를 생성하고, i의 제곱으로 이루어진 0부터 9까지의 값을 담은 리스트를 만듭니다. 다른 옵션은 집합(set)이나 제너레이터(generator) 표현식으로 반환되거나, 잘못된 타입의 범위를 사용하여 리스트가 아닙니다.\"}}','2026-02-05',1,1,'2026-02-05 02:09:22'),(15,11,'{\"blog_item\": {\"title\": \"자바와 HTML/CSS로 시작하는 웹 애플리케이션 기본 설계와 실습\", \"outline\": \"최근 커밋 내역이 없지만, Java, HTML, CSS를 주로 다루시네요! 자바와 HTML/CSS로 시작하는 웹 애플리케이션 기본 설계와 실습에 대해 써보는 건 어떨까요?\\n- 글의 목표 설정과 대상 독자\\n- 백엔드(Java)와 프런트엔드(HTML/CSS) 간의 연동 방식\\n- 간단한 REST API 설계 예시 및 엔드포인트 설명\\n- 프런트엔드와 API의 상호작용 흐름 예시\\n- 예제 구조 및 파일 구성 설명\\n- 로컬 환경 구성 및 실행 방법\\n- 확장 포인트와 학습 포인트\"}, \"quiz_item\": {\"options\": [\"header 태그는 문서의 머리말 영역에 사용된다\", \"section 태그는 문서의 순서를 정의한다\", \"footer 태그는 문서의 본문 내용을 감싼다\", \"nav 태그는 문서의 메타데이터를 정의한다\"], \"question\": \"다음 중 HTML에서 시맨틱 태그의 올바른 사용 예는 무엇인가요?\", \"answer_idx\": 0, \"explanation\": \"헤더(tag) 태그는 문서의 머리말이나 섹션의 제목 부분을 시맨틱하게 표현하는 용도로 사용됩니다. 나머지 설명은 각각 부적절하거나 오해의 소지가 있습니다. 예를 들어 section은 콘텐츠의 구분된 영역, footer는 페이지의 바닥글, nav는 탐색 목록을 나타냅니다.\"}}','2026-02-05',1,0,'2026-02-05 02:11:09'),(16,12,'{\"blog_item\": {\"title\": \"Java와 Vue로 구현하는 풀스택 개발: 백엔드와 프런트엔드의 협업 설계\", \"outline\": \"최근 커밋 내역이 없지만, Java, Vue, JavaScript를 주로 다루시네요! REST API와 프런트엔드의 협업 설계에 대해 써보는 건 어떨까요?\\n- 백엔드(Java)와 프런트엔드(Vue) 간의 역할 분리와 책임 경계 정의\\n- REST API 기본 설계 원칙: 엔드포인트 네이밍, HTTP 메서드 매핑, 응답 포맷 JSON과 에러 처리\\n- Spring Boot로 간단한 API 예제와 Vue에서의 API 호출 흐름 연결\\n- 인증/권한 부여의 기초: JWT와 세션 인증의 차이와 사용 시나리오\\n- 프런트엔드에서의 API 에러 처리, 로딩 상태, 재시도 로직 설계\\n- CORS 설정과 보안 고려사항, 버전 관리 및 테스트 전략\\n- 마치며 앞으로의 학습 로드맷 제시\"}, \"quiz_item\": {\"options\": [\"v-model\", \"v-bind\", \"v-for\", \"v-if\"], \"question\": \"Vue에서 양방향 바인딩을 가능하게 하는 디렉티브는 무엇인가요?\", \"answer_idx\": 0, \"explanation\": \"v-model은 입력 요소의 값과 Vue 컴포넌트의 데이터 간의 양방향 바인딩을 제공합니다. 다른 디렉티브인 v-bind는 속성 바인딩, v-for는 리스트 렌더링, v-if는 조건부 렌더링에 사용됩니다.\"}}','2026-02-05',1,1,'2026-02-05 02:12:36'),(17,13,'{\"blog_item\": {\"title\": \"Java와 Mustache로 배우는 템플릿 엔진의 핵심: 안전하고 효율적인 HTML 렌더링 가이드\", \"outline\": \"최근 커밋 내역이 없지만, Java와 JavaScript, Mustache를 다루셨던 경험을 바탕으로 Mustache 템플릿 전략에 대해 정리해보는 건 어떨까요?\\n\\n- 대상 독자: Java 개발자에게 Mustache의 기본 원리와 실전 활용 팁을 전달\\n- Mustache의 변수 치환 방식과 안전한 데이터 렌더링의 핵심 포인트 정리\\n- Java 환경에서 Mustache를 설정하고 템플릿 파일을 로드하는 간단한 예제\\n- 실전 예제: 데이터 맵을 템플릿에 바인딩하는 작은 예제 코드\\n- 성능 고려사항과 보안: escaping의 중요성과 context 관리\\n- 마무리: 추가 학습 자료와 참고 링크 제안\"}, \"quiz_item\": {\"options\": [\"변수는 {{name}}로 치환됩니다\", \"주석은 {{! 주석}} 형식으로 삽입할 수 있습니다\", \"섹션 태그는 {{#section}}와 {{/section}}으로 반복 처리를 나타냅니다\", \"삼중 중괄호 {{{name}}}를 사용하면 HTML 엔티티로 치환됩니다\"], \"question\": \"Mustache 템플릿에서 변수를 어떤 구문으로 치환하나요?\", \"answer_idx\": 0, \"explanation\": \"Mustache에서 변수 치환은 기본적으로 {{name}}와 같은 이스케이프된 태그를 사용합니다. 삼중 중괄호는 이스케이프를 해제하고, 주석 태그는 {{! ... }}로 작성하며, 섹션 태그는 조건부 반복에 사용됩니다.\"}}','2026-02-05',0,0,'2026-02-05 02:13:21'),(18,14,'{\"blog_item\": {\"title\": \"파이썬으로 데이터 처리와 간단한 API 구축 입문\", \"outline\": \"최근 커밋 내역이 없지만, Python을 주로 다루시네요! 데이터 처리와 간단한 API 구축에 대해 써보는 건 어떨까요?\\n- 주제 선정 이유와 포스트의 목표\\n- Python에서 데이터 처리의 기본 도구와 기법(리스트, 제너레이터, pandas 등) 소개\\n- FastAPI를 활용한 간단한 API 예제 설계 및 구현 단계\\n- 테스트와 디버깅 방법, 코드 품질 관리 팁\\n- 배포 및 성능 최적화와 향후 확장 아이디어\"}, \"quiz_item\": {\"options\": [\"asyncio\", \"threading\", \"multiprocessing\", \"socket\"], \"question\": \"파이썬에서 비동기 I/O를 다루기 위해 주로 사용하는 모듈은 무엇인가요?\", \"answer_idx\": 0, \"explanation\": \"파이썬의 비동기 I/O는 asyncio를 이용해 이벤트 루프와 코루틴으로 구현됩니다. asyncio를 통해 비동기 함수와 작업 흐름을 관리할 수 있습니다.\"}}','2026-02-05',1,0,'2026-02-05 02:14:46'),(19,15,'{\"blog_item\": {\"title\": \"스마트 포인터로 배우는 C++ 메모리 관리의 기초와 실전 팁\", \"outline\": \"최근 커밋 내역이 없지만, C++, C, Java를 주로 다루시네요! 스마트 포인터의 이해와 활용에 대해 써보는 건 어떨까요?\\n- 스마트 포인터의 기본 원리와 RAII 개념 소개\\n- unique_ptr, shared_ptr, weak_ptr의 차이와 대표적 사용 사례\\n- 순환 참조와 소유권 관리에서 피해야 할 흔한 실수\\n- 예제 코드: 간단한 자원 관리 예제로 포인터 사용 시나리오 설명\\n- 예외 안전성과 리소스 해제를 보장하는 실전 팁\\n- 참고 자료와 학습 경로 제안\"}, \"quiz_item\": {\"options\": [\"스마트 포인터는 소유권과 수명을 자동으로 관리해 메모리 누수를 줄여준다\", \"에서 포인터는 항상 자동으로 가비지 수집한다\", \"스마트 포인터는 런타임에 타입 정보를 제거한다\", \"ava의 가비지 컬렉션과 같은 무제한 GC를 제공한다\"], \"question\": \"다음 중 C++에서 스마트 포인터의 주요 이점으로 올바른 것은 무엇인가요?\", \"answer_idx\": 0, \"explanation\": \"스마트 포인터는 RAII 원칙에 따라 포인터의 소유권과 객체의 수명을 자동으로 관리합니다. 이를 통해 delete를 명시적으로 호출하지 않아도 메모리 누수를 방지하고 예외가 발생해도 자원이 안전하게 해제됩니다. 대표적으로 unique_ptr, shared_ptr, weak_ptr가 있음으로써 명확한 소유권 관리가 가능해집니다.\"}}','2026-02-05',0,0,'2026-02-05 02:15:00'),(21,17,'{\"blog_item\": {\"title\": \"Jupyter Notebook으로 Python과 Java를 함께 다루는 워크플로 설계\", \"outline\": \"최근 커밋 내역이 없지만, Python과 Jupyter Notebook, 그리고 Java를 주로 다루시네요! Jupyter Notebook에서 Python과 Java를 함께 활용하는 워크플로를 주제로 글을 써보는 건 어떨까요?\\n- 개요: 두 언어의 차이점과 공통점을 한 눈에 정리\\n- 섹션 1: Jupyter Notebook 기본 사용법과 Python 코드 예제\\n- 섹션 2: Java를 Jupyter에서 실행하기 위한 커널 설치(IJava) 및 기본 예제\\n- 섹션 3: Python과 Java 간 인터페이스 구현 방법(Py4J, JPype 등)\\n- 섹션 4: 실습 예제: 간단한 데이터 처리 파이프라인에서 Python으로 데이터 정리하고 Java로 성능 측정\\n- 섹션 5: 재현성, 환경 관리(Docker/Conda) 및 추천 워크플로\"}, \"quiz_item\": {\"options\": [\"Java 커널을 설치하고 사용하는 것이 일반적이다\", \"ython에서 Java 코드를 바로 실행할 수 있다\", \"upyter Notebook에서 Java를 실행하려면 JVM이 필요 없다\", \"ava 라이브러리를 Python에서 직접 임포트할 수 있다\"], \"question\": \"다음 중 Jupyter Notebook에서 Java 코드를 실행하는 일반적인 방법은 무엇입니까?\", \"answer_idx\": 0, \"explanation\": \"Jupyter Notebook에서 Java 코드를 실행하려면 보통 IJava 커널을 설치해 Java 코드를 셀에서 직접 실행 가능하게 만듭니다. Java 커널이 제공하는 셀 문법과 실행 환경이 필요하며, 필요시 Py4J나 JPype 같은 다리 라이브러리는 Python에서 Java 코드를 호출하는 데 사용할 수 있습니다. 따라서 기본적으로는 Java 전용 커널 설치가 일반적입니다.\"}}','2026-02-05',1,1,'2026-02-05 02:17:38'),(22,18,'{\"blog_item\": {\"title\": \"일반 소프트웨어 개발의 작은 습관으로 코드 품질과 협업을 높이는 법\", \"outline\": \"최근 커밋 내역이 없지만, General Software Development를 주로 다루시네요! 일반 소프트웨어 개발에서의 코드 품질과 협업 효율성을 높이는 실용 팁에 대해 써보는 건 어떨까요?\\n- 서론: 독자 타깃과 현업의 흔한 고민 짚기\\n- 코드 품질을 높이는 작은 습관 3가지(리팩토링 루틴, 함수 단위의 명확성, 테스트의 기본 원칙)\\n- 팀 협업을 돕는 커뮤니케이션 및 코드 리뷰 체크리스트\\n- 실전 예시: 작은 리팩토링과 간단한 테스트 추가의 효과\\n- 마무리: 독자에게 주는 도전 과제와 실천 방법\"}, \"quiz_item\": {\"options\": [\"AGNI는 필요해질 때까지 구현을 미루는 원칙이다\", \"ISS는 가능하면 시스템을 복잡하게 설계하자는 원칙이다\", \"EST는 데이터베이스 모델의 관계를 강제한다\", \"I/CD는 코드 변경을 수동으로 배포하는 것을 권장한다\"], \"question\": \"다음 설명 중 YAGNI 원칙에 해당하는 것은?\", \"answer_idx\": 0, \"explanation\": \"YAGNI 원칙은 필요해질 때까지 기능을 구현하지 말고, 현재 당장 필요하지 않은 기능은 개발에서 제외하자는 개발 철학입니다. 이를 통해 낭비를 줄이고 빠르게 가치 있는 부분에 집중할 수 있습니다.\"}}','2026-02-05',1,0,'2026-02-05 02:18:27'),(23,19,'{\"blog_item\": {\"title\": \"Jupyter Notebook으로 Python과 Java를 활용한 데이터 분석과 백엔드 자동화 가이드\", \"outline\": \"최근 커밋 내역이 없지만, Jupyter Notebook과 Python, Java를 다루는 모습을 보니 데이터 분석과 백엔드 개발에 관심이 많으신 걸로 보입니다. 이 주제로 글을 시작해보면 어떨까요?\\n- 서론: 이 글의 목적과 대상 독자 소개\\n- 기술 스택 정리: Jupyter Notebook, Python, Java의 역할\\n- 데이터 분석 워크플로우 설계: 수집, 정제, 시각화의 흐름\\n- Python으로 간단한 데이터 파이프라인 예제\\n- Java와의 연동: REST API 또는 JVM 도구를 통한 연계 방법\\n- 실전 팁: 디버깅, 성능 고려사항, 재현성 확보\\n- 마무리: 학습 로드맷과 확장 아이디어\"}, \"quiz_item\": {\"options\": [\"노트북의 커널에서 Python을 선택한다\", \"파이썬 파일(.py)을 직접 노트북에서 실행한다\", \"자바 커널을 선택한다\", \"노트북 파일은 항상 .ipynb 확장자를 가진다\"], \"question\": \"다음 중 Jupyter Notebook에서 파이썬 커널을 선택하는 가장 일반적인 방법은 무엇인가요?\", \"answer_idx\": 0, \"explanation\": \"Jupyter Notebook에서 파이썬 코드를 실행하려면 먼저 커널 메뉴에서 Python 커널을 선택해야 합니다. 일반적으로 Python 커널이 기본으로 제공되며, 다른 언어의 커널이 설치되어 있지 않으면 사용할 수 없습니다.\"}}','2026-02-05',1,1,'2026-02-05 02:24:41'),(24,20,'{\"blog_item\": {\"title\": \"README에 개인 소개를 추가한 개발자의 관점에서 배우는 효과적인 프로젝트 소개 작성법\", \"outline\": \"최근에 README에 개인 소개를 추가하셨군요! 이와 관련된 README 작성 팁에 대해 정리해보는 건 어떨까요?\\n- 소개 섹션의 목적과 독자 설정: 누구를 대상으로 하는가\\n- 기술 스택(Python, Vue, HTML)을 한 눈에 보여주기 위한 간단한 요약 구성\\n- 실행 방법, 설치 가이드, 의존성 정리의 표준 템플릿 만들기\\n- 프로젝트 구조와 파일 위치를 이해시키는 간결한 구조화\\n- 개인 소개의 톤과 예시 문장: 신뢰성과 친근감 균형 맞추기\\n- 페이지만으로도 효과를 주는 스니펫 예시: 예시 명령어, 스크린샷, GIF\\n- 향후 유지 관리: 커밋 메시지와의 연결성, 업데이트 체크포인트 제시\"}, \"quiz_item\": {\"options\": [\"프로젝트 소유자와 연락처 정보를 명확히 남길 수 있다\", \"코드의 실행 방법을 자동으로 생성한다\", \"버전 관리에서 보안을 강화한다\", \"테스트 커버리지를 100% 보장한다\"], \"question\": \"다음 중 README에 개인 소개를 추가하는 주된 이점으로 가장 적합한 것은 무엇일까요?\", \"answer_idx\": 0, \"explanation\": \"개발자나 팀의 정보를 밝히고 연락 방법을 제공하는 것이 README의 핵심 역할 중 하나입니다. 이를 통해 독자와 협업 의도를 명확히 하고 신뢰를 높일 수 있습니다.\"}}','2026-02-05',1,0,'2026-02-05 02:27:51'),(25,2,'{\"blog_item\": {\"title\": \"README.md 업데이트로 문서화를 강화하는 실전 가이드: Jupyter Notebook, Python, TypeScript 프로젝트를 위한 팁\", \"outline\": \"최근에 README.md 업데이트 관련 작업을 하셨군요! 이와 관련된 문서화의 중요성에 대해 정리해보는 건 어떨까요?\\n- 문서화의 의미와 이점: 프로젝트의 신뢰성과 온보딩 속도를 높이고 유지보수를 용이하게 만드는 기본 원칙을 다룹니다.\\n- README의 기본 골격 제안: 제목과 소개, 설치/실행 방법, 사용 예시, 기여 방법, 변경 이력, 라이선스 섹션의 구성 포인트를 제시합니다.\\n- 기술 스택별 섹션 구성 가이드: Jupyter Notebook에서의 예시 코드, Python 실행 방법, TypeScript 프로젝트의 빌드/테스트 명령어를 명시하는 방법을 설명합니다.\\n- 샘플 템플릿 제공: 간단한 Hello World 예제와 함께 문장 톤과 포맷을 고정하는 템플릿을 제공합니다.\\n- 품질 체크리스트: 문서의 가독성, 링크 유효성, 업데이트 기록의 명확성 등을 확인하는 체크리스트를 제공합니다.\\n- 실전 적용 팁과 확장 아이디어: 자동 제너레이션 스크립트나 CHANGELOG 관리 방법 같은 확장 아이디어를 제안합니다.\"}, \"quiz_item\": {\"options\": [\"matplotlib\", \"numpy\", \"pandas\", \"scikit-learn\"], \"question\": \"다음 중 Jupyter Notebook에서 Python으로 데이터를 시각화할 때 널리 사용하는 라이브러리는 무엇인가요?\", \"answer_idx\": 0, \"explanation\": \"matplotlib은 파이썬에서 가장 널리 사용되는 기본 시각화 라이브러리로 선, 막대, 산점도 등을 그립니다. numpy는 수치 계산, pandas는 데이터 프레임 조작, scikit-learn은 머신러닝 라이브러리입니다.\"}}','2026-02-05',1,1,'2026-02-05 02:44:35'),(26,21,'{\"blog_item\": {\"title\": \"C++·Python·Vue로 배우는 멀티스택 프로젝트 설계와 실무 팁\", \"outline\": \"최근 커밋 내역이 없지만, C++, Python, Vue를 주로 다루시네요! 멀티스택 프로젝트에서 데이터 흐름과 인터랙션 설계에 대해 써보는 건 어떨까요?\\n- 도입부: 본인의 기술 스택과 목표 소개\\n- C++ 부분: 성능과 메모리 관리의 핵심 포인트 정리\\n- Python 자동화: 빌드/테스트 자동화 스크립트와 파이프라인 예시\\n- Vue 프론트엔드 구성: 컴포넌트 구조, 상태 관리(Hooks/Composition API 등) 설명\\n- 멀티스택 협업 팁: 인터페이스 설계, 데이터 포맷, 에러 처리 전략\\n- 예제 프로젝트 아이디어: 간단한 멀티스택 애플리케이션 설계도\\n- 마무리: 학습 포인트와 향후 확장 제안\"}, \"quiz_item\": {\"options\": [\"v-model은 Vue에서 양방향 바인딩을 제공합니다\", \"v-bind는 양방향 바인딩을 제공합니다\", \"v-for는 리스트 렌더링에 사용됩니다\", \"v-if는 조건부 렌더링에 사용됩니다\"], \"question\": \"다음 중 Vue에서 양방향 바인딩을 제공하는 디렉티브는 무엇인가요?\", \"answer_idx\": 0, \"explanation\": \"v-model은 입력 요소와 Vue 인스턴스의 데이터 간 양방향 바인딩을 설정하는 디렉티브로, 사용자가 입력을 변경하면 모델 데이터도 업데이트되고, 모델의 변화도 UI에 반영됩니다. 반면 v-bind는 속성 바인딩, v-for는 리스트 렌더링, v-if는 조건부 렌더링에 사용됩니다.\"}}','2026-02-05',1,1,'2026-02-05 03:05:20'),(27,22,'{\"blog_item\": {\"title\": \"일반 소프트웨어 개발에서 코드 품질을 높이는 전략: 실용 팁과 사례\", \"outline\": \"최근 커밋 내역이 없지만, 일반 소프트웨어 개발을 주로 다루시네요! 일반 소프트웨어 개발에서 코드 품질을 높이는 전략: 실용 팁과 사례에 대해 써보는 건 어떨까요?\\n- 서론: 주제의 중요성과 독자 대상 설정\\n- 핵심 원칙: 가독성, 유지보수성, 테스트 용이성의 균형 잡기\\n- 실무 팁: 코드 리뷰 체크리스트, 작은 커밋과 명확한 커밋 메시지의 중요성, 간단한 리팩토링 루프\\n- 사례 연구: 실제 프로젝트에서의 적용 포인트와 교훈\\n- 실행 가이드: 1주일 로드맵과 즉시 적용 가능한 실천 항목\\n- 마무리: 요약과 향후 학습 방향 제시\"}, \"quiz_item\": {\"options\": [\"의존성 주입은 테스트 용이성과 구성 관리의 이점을 제공합니다\", \"런타임 성능을 항상 향상시킵니다\", \"코드의 양을 무조건 줄입니다\", \"특정 프레임워크에서만 필요합니다\"], \"question\": \"의존성 주입(DI)의 주요 이점은 무엇인가요?\", \"answer_idx\": 0, \"explanation\": \"의존성 주입은 외부에서 구성요소의 의존성을 주입받게 하여 테스트를 독립적으로 수행하기 쉽고, 모듈 간 결합도를 낮추며 구성 관리도 용이하게 만듭니다. 이로 인해 테스트 커버리지 증가와 유지보수성 향상이 기대됩니다.\"}}','2026-02-05',1,1,'2026-02-05 03:16:08'),(28,23,'{\"blog_item\": {\"title\": \"다중 언어 스택에서의 실전 설계: C++, Java, JavaScript를 잇는 가이드\", \"outline\": \"최근 커밋 내역이 없지만, C++, Java, JavaScript를 주로 다루시네요! 언어 간 인터페이스 설계와 공통 패턴에 대해 써보는 건 어떨까요?\\n- 서론: 다중 언어 스택의 공통 과제 소개\\n- 각 언어별 특징 요약: C++의 메모리 관리, Java의 가비지 컬렉션, JavaScript의 비동기 이벤트 루프\\n- 공통 설계 원칙: 인터페이스 주도 설계, API 경계 정의, 데이터 형식의 표준화\\n- 다중 언어 간 간단한 예제 설계: C++/Java/JavaScript 간 간단한 API 경계 예시\\n- 빌드와 테스트 전략: 멀티프로젝트 관리, 의존성 관리 팁\\n- 마무리 및 참고 자료\"}, \"quiz_item\": {\"options\": [\"인터페이스를 통해 서로 다른 구현체를 같은 타입으로 다룰 수 있다\", \"상속 및 메서드 재정의로 런타임에 메서드 호출이 결정된다\", \"오버로딩은 런타임 다형성이다\", \"bject 타입의 참조변수로 다양한 객체를 다룰 수 있다\"], \"question\": \"다음 중 자바에서 다형성의 예로 볼 수 없는 것은 무엇인가요?\", \"answer_idx\": 2, \"explanation\": \"정답은 세 번째 문장이다. 자바에서 다형성은 주로 인터페이스나 상속을 통한 오버라이딩으로 런타임에 결정된다. 오버로딩은 컴파일 타임에 결정되며, 런타임 다형성의 예로 간주되지 않는다.\"}}','2026-02-05',1,1,'2026-02-05 03:19:55'),(29,24,'{\"blog_item\": {\"title\": \"Jupyter Notebook에서 Python과 JavaScript를 연결한 대화형 데이터 시각화 가이드\", \"outline\": \"최근 커밋 내역이 없지만, Jupyter Notebook, Python, JavaScript를 주로 다루시네요! Jupyter Notebook에서 Python과 JavaScript를 함께 활용한 대화형 시각화에 대해 정리해보는 건 어떨까요?\\n- 서론: 기술 스택의 조합과 목표를 소개\\n- 파트 1: Jupyter Notebook의 기본 구성과 워크플로우\\n- 파트 2: Python으로 데이터 준비 및 분석 흐름 설계\\n- 파트 3: JavaScript로 시각화 출력과 상호작용 연결하기 (예: ipywidgets, custom JS)\\n- 파트 4: 실습 예제 아이디어: 슬라이더로 필터링되는 차트\\n- 파트 5: 성능 팁과 디버깅 전략\\n- 마무리 및 추가 학습 자료\"}, \"quiz_item\": {\"options\": [\"ipywidgets를 사용해 대화형 위젯을 만든다\", \"lask를 사용해 서버를 구성한다\", \"SV 파일을 직접 파싱해 시각화를 한다\", \"++ 확장을 사용해 속도를 높인다\"], \"question\": \"Jupyter Notebook에서 파이썬과 자바스크립트를 함께 활용해 대화형 시각화를 구현하려면 주로 어떤 도구를 활용하나요?\", \"answer_idx\": 0, \"explanation\": \"ipywidgets는 Jupyter Notebook에서 파이썬과 자바스크립트 간의 상호작용을 가능하게 하는 대화형 위젯 도구로, 버튼이나 슬라이더 등으로 실시간으로 데이터를 조작하고 시각화합니다.\"}}','2026-02-05',1,0,'2026-02-05 03:25:42'),(30,25,'{\"blog_item\": {\"title\": \"Django Signals를 활용한 뱃지 자동 부여 설계 가이드\", \"outline\": \"최근에 Django Signals를 활용한 뱃지 자동 부여 설계 관련 작업을 하셨군요! 이와 관련된 이벤트 기반 설계에 대해 정리해보는 건 어떨까요?\\n- 목표와 맥락: 왜 시그널 기반 아키텍처가 필요한가?\\n- Django Signals의 기본 원리와 작동 방식\\n- 뱃지 자동 부여 흐름의 설계 포인트: 시그널 트리거, 수신자, idempotency\\n- 구현 예시: post_save 시그널을 활용한 뱃지 부여 흐름\\n- 테스트 전략: 시그널 핸들러의 커버리지와 재현성\\n- 확장 아이디어: 다양한 이벤트 타입과 비동기 처리의 가능성\"}, \"quiz_item\": {\"options\": [\"모델의 save 메서드 호출 시점에 트리거된다\", \"템플릿 렌더링이 시작될 때 트리거된다\", \"데이터베이스 연결이 성립될 때 트리거된다\", \"요청 라우팅이 매핑될 때 트리거된다\"], \"question\": \"다음 중 Django Signals의 트리거 지점으로 일반적으로 사용되는 것은 무엇인가요?\", \"answer_idx\": 0, \"explanation\": \"정답은 첫 번째 옵션입니다. Django Signals는 모델의 저장(save)나 삭제(delete) 등 특정 모델 이벤트 시점에 트리거되도록 설계되어 있어 post_save, post_delete 같은 시그널 핸들러를 통해 부가 로직을 연결할 수 있습니다.\"}}','2026-02-05',1,0,'2026-02-05 03:31:46'),(31,26,'{\"blog_item\": {\"title\": \"ShaderLab과 HLSL로 배우는 GPU 렌더링의 기초와 Java 연동\", \"outline\": \"최근 커밋 내역이 없지만, ShaderLab/HLSL/Java를 주로 다루시네요! 이 기술 스택을 활용한 GPU 렌더링과 애플리케이션 인터랙션에 대해 정리해보는 건 어떨까요?\\n- 기술 스택 간의 관계: ShaderLab으로 작성한 HLSL 셰이더의 구조와 Java 애플리케이션과의 연결 포인트를 개요로 설명합니다.\\n- 기본 파이프라인 개요: 버텍스 셰이더, 픽셀 셰이더, 라스터화의 역할과 간단한 예제 흐름을 소개합니다.\\n- 간단한 샘플 프로젝트 설계: Shader 파일 구조, Java에서의 호출 흐름(JNI 또는 LWJGL과 같은 바인딩)을 예시로 제시합니다.\\n- 성능 팁: 드로우 콜 최소화, 재질/샘플링 텍스처 관리, 셰이더 상수 정의의 효율적 사용 방법.\\n- 실습 아이디어: 간단한 그라디언트+노이즈 효과 또는 물리 기반 렌더링의 작은 예제 설계.\\n- 참고 자료 및 학습 로드맵: 공식 문서, 예제 코드, 커뮤니티 자료를 정리합니다.\"}, \"quiz_item\": {\"options\": [\"정점의 위치를 변환하는 단계\", \"픽셀의 색상을 계산하는 단계\", \"메모리 할당과 관리\", \"렌더링 파이프라인의 최종 출력 설정\"], \"question\": \"다음 중 HLSL에서 버텍스 셰이더의 주된 역할은 무엇인가요?\", \"answer_idx\": 0, \"explanation\": \"정답은 첫 번째 선택지입니다. 버텍스 셰이더는 각 정점을 입력으로 받아 모델-뷰-프로젝션 행렬 등을 적용해 정점의 위치를 변환하고, 정점 데이터를 후속 스테이지로 전달합니다. 픽셀 셰이더는 픽셀 단위의 색상을 계산하고, 라스터화 과정은 정점 데이터를 픽셀로 변환합니다. 따라서 버텍스 셰이더의 핵심 역할은 정점의 위치를 변환하는 것입니다.\"}}','2026-02-05',0,0,'2026-02-05 03:38:44'),(32,27,'{\"blog_item\": {\"title\": \"Java와 Python으로 배우는 현대 백엔드 개발의 핵심 팁\", \"outline\": \"최근 커밋 내역이 없지만, Java와 Python을 주로 다루시네요! REST API 설계와 테스트 전략에 대해 써보는 건 어떨까요?\\n- 두 언어의 백엔드 개발에서의 공통 원칙 소개\\n- REST API 설계의 기본 원칙과 버전 관리, 에러 핸들링 차이 비교\\n- Java(Spring Boot)와 Python(FastAPI)의 구조 샘플: 프로젝트 레이아웃 제안\\n- 데이터 직렬화/유효성 검사, 로깅 및 모니터링 전략 비교\\n- 테스트 전략: 단위, 통합, 계약 테스트 및 CI 파이프라인\\n- 마무리: 학습 로드맵과 실전 팁\"}, \"quiz_item\": {\"options\": [\"synchronized 키워드를 사용한 임계 구역 관리\", \"volatile를 사용해 원자성을 보장한다\", \"hreadLocal으로 공유 상태를 관리한다\", \"비동기 처리만으로 동시성을 해결할 수 있다\"], \"question\": \"다음 중 Java에서 동시성 제어를 위한 올바른 방법은 무엇인가요?\", \"answer_idx\": 0, \"explanation\": \"Java에서 동시성 제어의 기본 방법은 임계 구역을 보호하기 위해 synchronized 키워드를 사용하거나 필요한 경우 Lock 등을 활용하는 것입니다. volatile는 가시성은 보장하지만 원자성을 전부 보장하지 않으며, ThreadLocal은 스레드별로 독립된 상태를 다룰 때에만 적합합니다. 또한 단순히 비동기 처리만으로 모든 동시성 문제를 해결할 수 있는 것은 아닙니다.\"}}','2026-02-05',1,1,'2026-02-05 03:49:09'),(33,28,'{\"blog_item\": {\"title\": \"Jupyter Notebook과 파이썬, 타입스크립트로 만드는 데이터 분석과 시각화 워크플로우\", \"outline\": \"최근 커밋 내역이 없지만, Jupyter Notebook과 Python, TypeScript를 주로 다루시네요! 데이터 분석과 시각화를 한 흐름으로 정리하는 워크플로우에 대해 써보는 건 어떨까요?\\n- 서론: 목표와 기술 스택 요약, 이 글의 독자 대상\\n- 본문: 데이터 수집에서 정리, 분석, 시각화까지의 전형적 워크플로우를 단계별로 설명\\n- 예제 코드 스니펫: Python으로 데이터 처리와 간단한 시각화, TypeScript를 이용한 간단한 프론트엔드 연동 예시\\n- 구현 팁: Jupyter Notebook에서 재현 가능한 환경 구성(가상환경, 의존성 관리), 노트북 셀 구성 팁\\n- 마무리: 주요 학습 포인트와 추가 읽을거리, 독자에게 도전 과제 제시\"}, \"quiz_item\": {\"options\": [\"df[\'column\']으로 열을 선택한다\", \"df.column으로 열을 선택한다\", \"df.loc[\'column\']으로 열을 선택한다\", \"df.iloc[0]으로 열을 선택한다\"], \"question\": \"파이썬에서 pandas 데이터 프레임의 특정 열을 선택하는 일반적인 방법은 무엇인가요?\", \"answer_idx\": 0, \"explanation\": \"df[\'column\']은 열 이름을 문자열로 전달해 열을 선택하는 표준 방법입니다. df.column은 일부 상황에서 동작하지만 열 이름이 파이썬 식별자여야 하며, df.loc은 레이블 기반의 행/열 선택에 사용되며, df.iloc은 위치 기반 인덱싱으로 열 선택이 아니라 행 위치에 사용됩니다.\"}}','2026-02-05',1,1,'2026-02-05 03:54:45'),(34,29,'{\"blog_item\": {\"title\": \"Jupyter Notebook에서 Python과 Java를 잇는 데이터 분석 워크플로우\", \"outline\": \"최근 커밋 내역이 없지만, Jupyter Notebook, Java, Python을 주로 다루시네요! Python과 Java를 함께 활용한 데이터 분석 워크플로우에 대해 써보는 건 어떨까요?\\n- 왜 이 주제를 선택하는지 간단한 도입\\n- Jupyter Notebook에서 Python과 Java의 상호 운용성 개요\\n- 환경 구성: Py4J, JPype, 또는 JPype 등의 도구를 활용한 연결 방법\\n- 실전 예제 흐름: 데이터 수집 → Python으로 전처리/분석 → Java로 모델 배포\\n- 코드 구조와 모듈화: 재현성 높은 노트북 설계 예시\\n- 디버깅, 테스트, 버전 관리 팁\\n- 확장 아이디어: Docker 설정, CI/CD 파이프라인 연결\"}, \"quiz_item\": {\"options\": [\"%timeit\", \"timeit\", \"%%time\", \"%%timeit\"], \"question\": \"다음 중 Jupyter Notebook에서 셀 전체의 코드를 실행한 뒤 시간까지 측정하는 매직 명령어는 무엇입니까?\", \"answer_idx\": 3, \"explanation\": \"셀 단위의 실행 시간을 측정하려면 셀 매직인 %%timeit를 사용합니다. 줄 단위의 실행 시간은 %timeit를 사용하고, 전체 셀의 시간을 한 번만 보는 것은 %%time이지만 일반적으로 셀 전체를 꼼꼼히 측정하려면 %%timeit를 사용합니다. 따라서 정답은 %%timeit입니다.\"}}','2026-02-05',1,1,'2026-02-05 04:14:54'),(35,30,'{\"blog_item\": {\"title\": \"Jupyter Notebook과 Vue를 잇는 데이터 시각화 대시보드 만들기\", \"outline\": \"최근 커밋 내역이 없지만, Jupyter Notebook, Python, Vue를 주로 다루시네요! 데이터 시각화와 프런트엔드 연동에 대해 써보는 건 어떨까요?\\n\\n- 왜 이 조합이 유용한가: 데이터 분석과 UI의 연결 고리 설명\\n- Jupyter Notebook에서 데이터 준비와 간단한 프로토타입 만들기\\n- Python 백엔드(간단한 API) 설계의 핵심 포인트: FastAPI 또는 Flask 활용 팁\\n- Vue에서 API로부터 데이터 받아 시각화하기: 차트 라이브러리 선정과 데이터 바인딩\\n- 간단한 종합 예제 아키텍처: 노트북 → 백엔드 API → Vue 대시보드\\n- 배포/테스트 팁: nbconvert, Voila 또는 간단한 Docker 설정\"}, \"quiz_item\": {\"options\": [\"EST API를 통해 JSON 데이터를 전달하는 것\", \"파일 시스템에서 직접 읽어 프런트엔드에 전달하는 것\", \"프런트엔드에서 Python 코드를 직접 실행하는 것\", \"데이터베이스 트리거를 사용해 실시간으로 푸시하는 것\"], \"question\": \"다음 중 Python 백엔드에서 Vue 프런트엔드로 데이터를 전달하는 일반적인 방법은 무엇인가요?\", \"answer_idx\": 0, \"explanation\": \"정답은 REST API를 통해 JSON 데이터를 전달하는 방법입니다. 백엔드에서 데이터를 처리한 뒤 JSON 형식으로 API를 제공하고, Vue 프런트엔드는 이 API를 통해 데이터를 요청해 시각화에 활용합니다. 이 방식이 모듈화와 유연성 측면에서 가장 일반적이고 유지보수에 좋습니다.\"}}','2026-02-05',1,1,'2026-02-05 04:15:04'),(36,31,'{\"blog_item\": {\"title\": \"Jupyter Notebook과 Python, HTML로 데이터 흐름을 다루는 실전 팁\", \"outline\": \"최근 커밋 내역이 없지만, Jupyter Notebook과 Python, HTML를 주로 다루시네요! 이 기술 스택을 바탕으로 데이터 처리와 간단한 UI를 연결하는 방법에 대해 써보는 건 어떨까요?\\n\\n- 도입: 이 글의 목표와 대상 독자를 명확히 설명\\n- Jupyter Notebook에서의 데이터 전처리와 시각화 흐름의 기본 구조\\n- Python에서 HTML 리포트나 간단한 UI를 생성하는 실전 팁\\n- 실전 예제: 데이터 로딩 → 처리 → HTML 리포트 생성의 간단한 워크플로우\\n- 유용한 라이브러리 및 코드를 빠르게 살펴보기: pandas, matplotlib/plotly, 그리고 HTML 템플릿 생성법\\n- 성능 및 재현성 팁: 노트북 셀 관리, 캐시 전략, 재현 가능한 실행 환경\\n- 마무리 및 확장 아이디어: 배포, 공유, 노트북을 HTML로 내보내기\"}, \"quiz_item\": {\"options\": [\"얕은 복사는 객체 참조를 복사하여 원본과 변경이 서로 반영된다\", \"깊은 복사는 같은 객체를 공유한다\", \"리스트의 얕은 복사는 원소를 복제한다\", \"변수 할당은 항상 새로운 객체를 생성한다\"], \"question\": \"다음 중 Python에서 리스트를 얕은 복사(shallow copy)로 복사하면 발생할 수 있는 현상은?\", \"answer_idx\": 0, \"explanation\": \"정답 해설: 얕은 복사는 최상위 컨테이너의 참조만 복사하고 원소가 가리키는 객체를 공유합니다. 따라서 내부 원소를 변경하면 원본과 얕은 복사를 만든 쪽 모두에 영향을 줄 수 있습니다. 깊은 복사는 원소까지 새 객체를 만들어 공유되지 않습니다. 나머지 진술은 사실이 아닙니다.\"}}','2026-02-05',0,0,'2026-02-05 04:23:16'),(37,32,'{\"blog_item\": {\"title\": \"일반 소프트웨어 개발에서 배우는 테스트 주도 개발(TDD)로 품질 높이기\", \"outline\": \"최근 커밋 내역이 없지만, General Software Development를 주로 다루시네요! 테스트 주도 개발(TDD)로 품질을 높이는 방법에 대해 써보는 건 어떨까요?\\n- TDD의 기본 개념과 워크플로우(red-green-refactor)의 간단한 소개\\n- 왜 TDD가 필요한가: 유지보수성, 버그 예방, 문서화의 역할\\n- 실전 예제: 간단한 함수에 대한 테스트 작성과 구현 순서\\n- 도입 시 고려점: 테스트 커버리지, 피드백 루프 시간 줄이는 전략\\n- CI/CD와의 연계: 테스트 자동 실행과 배포 파이프라인\\n- 마무리와 참고 자료\"}, \"quiz_item\": {\"options\": [\"테스트를 먼저 작성하고 이를 기반으로 코드를 설계한다\", \"빌드 도구를 더 빠르게 실행되도록 최적화한다\", \"데이터베이스 스키마를 자동으로 생성한다\", \"런타임 예외를 강제로 발생시키는 것\"], \"question\": \"소프트웨어 개발에서 테스트 주도 개발(TDD)의 주된 목표는 무엇인가?\", \"answer_idx\": 0, \"explanation\": \"TDD의 핵심은 테스트를 먼저 작성하고 이를 기준으로 구현을 점진적으로 진행하는 것이다. 이를 통해 요구사항을 명확히 하고, 설계가 테스트 시나리오를 만족하도록 유도하며, 버그를 조기에 발견하고 유지보수를 용이하게 한다.\"}}','2026-02-05',1,0,'2026-02-05 04:38:55'),(38,33,'{\"blog_item\": {\"title\": \"일반 소프트웨어 개발자를 위한 RESTful API의 핵심 원칙 정리\", \"outline\": \"최근 커밋 내역이 없지만, 일반 소프트웨어 개발을 주로 다루시네요! RESTful API의 원칙에 대해 정리해보는 건 어떨까요?\\n- REST의 기본 개념과 자원 중심 설계의 의의 소개\\n- 자원 식별: URI 설계와 HTTP 메서드 매핑의 기본 원칙\\n- 무상태성, 표현계층, 하이퍼미디어(HATEOAS) 등 REST의 핵심 원칙 간단 설명\\n- 실무 예시: 간단한 자원 모델에 대한 엔드포인트 설계 예시\\n- 설계 가이드라인: URL 네이밍 규칙, 상태 관리, 캐시 전략, 에러 설계\\n- 마무리: 왜 REST가 여전히 현업에서 유용한가와 추가 학습 자료\"}, \"quiz_item\": {\"options\": [\"자원 URI를 통해 자원을 식별한다\", \"서버가 클라이언트의 상태를 저장한다\", \"응답은 항상 같은 형식으로 제공된다\", \"모든 요청은 무조건 비동기로 처리된다\"], \"question\": \"다음 중 RESTful API의 특징으로 옳은 것은 무엇인가요?\", \"answer_idx\": 0, \"explanation\": \"REST의 핵심은 자원 식별을 위한 URI와 HTTP 메서드의 표준화된 사용에 있으며, 서버는 무상태로 동작하고 클라이언트의 상태를 저장하지 않는 것이 특징입니다. 반면 다른 선택지들은 REST의 기본 원칙에 어긋나거나 필요조건이 아닙니다.\"}}','2026-02-05',1,1,'2026-02-05 05:08:38'),(39,34,'{\"blog_item\": {\"title\": \"Python으로 간단한 백엔드 API를 HTML/JavaScript 프런트엔드와 연결하는 실전 가이드\", \"outline\": \"최근 커밋 내역이 없지만, Python, HTML, JavaScript를 주로 다루시네요! API와 프런트엔드 연동에 대해 써보는 건 어떨까요?\\n- Python으로 간단한 REST API의 기본 구성 및 엔드포인트 설계\\n- HTML과 JavaScript에서 fetch를 사용해 API 데이터를 불러오고 화면에 렌더링하는 방법\\n- 에러 처리와 로딩 상태 관리의 기본 패턴\\n- 보안과 CORS, 간단한 인증 고려사항\\n- 실습 예제: 간단한 TODO API와 프런트엔드 예제\"}, \"quiz_item\": {\"options\": [\"fetch(url).then(response => response.json())\", \"fetch(url).then(data => data.json())\", \"fetch(url).json().then(...)\", \"SON.parse(fetch(url))\"], \"question\": \"다음 중 JavaScript에서 fetch API를 사용해 데이터를 JSON으로 파싱하는 올바른 방법은?\", \"answer_idx\": 0, \"explanation\": \"fetch는 프로미스를 반환하고, 응답을 JSON으로 파싱하려면 response.json()을 호출해야 합니다. 보통 두 번째 then에서 데이터를 실제로 처리합니다.\"}}','2026-02-05',1,1,'2026-02-05 05:34:48'),(41,25,'{\"blog_item\": {\"title\": \"백엔드 뱃지 트리거 설계와 idempotent 보장: Django Signals로 신뢰성 높이기\", \"outline\": \"최근에 idempotent 보장을 위한 백엔드 뱃지 트리거 설계 파일을 다루신 커밋을 보셨군요! 이와 관련된 아이덴포템(idempotent)과 이벤트 트리거 설계에 대해 정리해보는 건 어떨까요?\\n- 문제 정의와 현재 이슈 요약\\n- 아이덴포템 보장을 위한 핵심 원칙\\n- Django Signals를 활용한 트리거 흐름의 구조\\n- 트랜잭션 경계와 데이터 일관성 관리\\n- 프런트엔드 UX와 뱃지 알림의 연결 포인트\\n- 프런트/백엔드 간 인터페이스 설계 포인트\\n- 구현 대안 비교: 동기 vs 비동기 부여, 중복 방지 로직\\n- 테스트 전략과 관찰 포인트\"}, \"quiz_item\": {\"options\": [\"ignals를 이용하면 모델 변경에 반응해 로직을 분리하고 재사용하기 쉽다\", \"아이덴포템(idempotent) 보장은 Signals 만으로 자동으로 해결된다\", \"ignals는 디버깅이 어렵고 흐름을 추적하기 어렵다\", \"뱃지 부여의 실행 순서와 트랜잭션 경계에 주의해야 한다\"], \"question\": \"다음 중 Django Signals를 사용한 뱃지 자동 부여 구현의 주의점으로 옳지 않은 것은?\", \"answer_idx\": 1, \"explanation\": \"설명: Django Signals는 모델 이벤트에 반응해 로직을 분리하고 재사용성을 높이지만, idempotent 보장을 Signals만으로 자동으로 해결하지는 않습니다. 중복 지급 방지 로직, 트랜잭션 관리, 고유 제약 조건 등을 함께 설계해야 합니다.\"}}','2026-02-06',1,0,'2026-02-05 23:47:37'),(42,4,'{\"blog_item\": {\"title\": \"두 번째 글 작성 팁과 오류 테스트 정리\", \"outline\": \"최근에 b/_posts/General/daily/2026-02-05-...md 파일에서 글 작성 작업을 하셨군요! 이와 관련된 블로그 포스트 구조와 Markdown 작성 방법에 대해 정리해보는 건 어떨까요?\\n- 글의 목표와 독자 대상\\n- 파일 구조와 메타데이터 작성 흐름: 포스트 파일 경로, front matter, 본문 구성\\n- SCSS/HTML/Shell를 활용한 개발 일지 포맷에 대한 실무 팁\\n- 오류 테스트 케이스를 포스트에 기록하는 방법\\n- 마무리 및 독자 참여를 유도하는 클로징 포인트\\n- 향후 개선 방향과 학습 목표\"}, \"quiz_item\": {\"options\": [\"디자인 일관성 향상과 유지보수 용이성\", \"빌드 속도 증가로 개발이 빨라짐\", \"브라우저 간 호환성이 자동으로 확보됩니다\", \"자바스크립트 런타임 의존성이 필요 없게 됩니다\"], \"question\": \"SCSS에서 변수와 믹스인을 이용해 색상 팔레트를 관리하는 주요 이점은 무엇인가요?\", \"answer_idx\": 0, \"explanation\": \"SCSS의 변수와 믹스인은 색상 팔레트를 한 곳에서 관리하고 재사용 가능하게 만들어 디자인의 일관성을 높이고, 색상 변경 시 유지보수가 쉬워집니다. 이를 통해 코드 중복을 줄이고 협업 시 가독성을 향상시킵니다.\"}}','2026-02-06',1,1,'2026-02-06 00:07:33'),(45,33,'{\"blog_item\": {\"title\": \"연습글 작성으로 배우는 Markdown 포맷 가이드\", \"outline\": \"최근에 b/_posts/General/2026-02-05-연습글.md 파일에 연습글 작성 작업을 하셨군요! 이와 관련된 마크다운 포맷과 블로그 포스트 구성에 대해 정리해보는 건 어떨까요?\\n\\n다음과 같이 포스트를 구성해보면 좋습니다:\\n- 포스트의 목표와 독자 설정\\n- Front Matter 구성: title, date, categories, tags\\n- 본문 구성: 코드 블록, 강조, 인용, 목록\\n- 예시 코드 설명: Python 코드 예제와 실행 흐름\\n- 작성 시 유의점: 한글 인코딩, YAML 포맷, 파일명 인코딩\\n- 발행 전 체크리스트\\n\\n또한, SCSS/HTML/Shell과의 연결 아이디어를 생각해 보기\"}, \"quiz_item\": {\"options\": [\"```python로 시작하는 코드 블록 표기를 사용합니다\", \"코드 블록은 언어 지정을 반드시 포함해야 한다\", \"마크다운에서 코드 블록은 항상 들여쓰기 방식으로 작성합니다\", \"코드 블록 안에 사용된 언어가 코드 실행에 영향을 미칩니다\"], \"question\": \"다음 중 마크다운에서 특정 프로그래밍 언어를 지정한 코드 블록을 만들려면 어떤 표기를 사용하나요?\", \"answer_idx\": 0, \"explanation\": \"정답은 첫 번째 선택지입니다. 마크다운 코드 블록은 보통 ```python 와 같이 언어 지정을 시작에 명시해 하이라이팅을 적용합니다. 다만 언어 지정을 생략해도 코드 블록을 만들 수 있지만, 하이라이팅이 적용되지 않을 수 있습니다.\"}}','2026-02-06',1,1,'2026-02-06 00:22:10'),(48,39,'{\"blog_item\": {\"title\": \"로그로 배우는 마크다운 포스트 작성 가이드\", \"outline\": \"최근에 b/_posts/General/2026-02-06-\\\\343\\\\205\\\\243.md 파일 관련 작업을 하셨군요! 이와 관련된 메타데이터 구성과 마크다운 포스트 구조에 대해 정리해보는 건 어떨까요?\\n- 포스트의 목표와 독자층 정의\\n- YAML front matter의 필수 및 권장 필드 정리 (title, date, categories, tags)\\n- 본문 구성: 도입-핵심 내용-마무리의 흐름 설계\\n- 태그와 카테고리 관리의 전략과 활용 팁\\n- 파일명/경로 관리 및 인코딩 이슈 대응 방법\\n- SCSS를 활용한 블로그 디자인과 텍스트 스타일링의 연결 포인트\\n- Jupyter Notebook, Python, SCSS를 함께 다루는 글 흐름 아이디어\"}, \"quiz_item\": {\"options\": [\"YYY-MM-DD HH:MM:SS +0900 형식으로 작성한다\", \"YYY-MM-DD 형식으로만 작성한다\", \"YYY-MM-DDTHH:MM:SSZ 형식으로 작성한다\", \"YYY/MM/DD HH:MM:SS 형식으로 작성한다\"], \"question\": \"다음 중 위 포스트의 front matter에서 date 필드의 형식으로 실제로 사용된 것은 무엇인가요?\", \"answer_idx\": 0, \"explanation\": \"제시된 예시에서는 date가 2026-02-06 08:29:59 +0900과 같은 형태로 표기되어 있어, 시간대 정보를 포함하는 형식이 사용되었습니다. 이 형식은 블로그 포스트의 front matter에서 흔히 쓰이며, 로컬 타임존 정보를 함께 제공합니다.\"}}','2026-02-06',1,1,'2026-02-06 00:36:23'),(49,5,'{\"blog_item\": {\"title\": \"Vue와 Python으로 시작하는 풀스택 연동 가이드\", \"outline\": \"최근 커밋 내역이 없지만, Vue와 Python, HTML을 주로 다루시네요! Vue로 프런트엔드와 Python 백엔드를 연결하는 실무 팁에 대해 써보는 건 어떨까요?\\n\\n- 서론: 이번 글에서 다루는 목표와 독자 대상 소개\\n- 기술 스택 소개: Vue, Python 백엔드(예: FastAPI), HTML/CSS의 역할과 흐름\\n- 데이터 흐름 설계: REST API의 기본 흐름, JSON 포맷, CORS와 인증 개요\\n- 실전 예제: 간단한 TODO CRUD 예시를 통한 엔드포인트 설계와 프런트 호출\\n- 코드 스니펫: 백엔드 엔드포인트 예시와 프런트에서 fetch/axios로의 데이터 요청\\n- 배포와 운영 팁: 에러 핸들링, 보안 고려사항, 성능 팁\\n- 마무리: 학습 경로와 참고 자료\"}, \"quiz_item\": {\"options\": [\"fetch 또는 axios를 사용해 HTTP 요청으로 데이터를 받는다\", \"MLHttpRequest를 항상 사용한다\", \"서버에서 JSON 대신 XML 형식으로 보낸다\", \"ue 인스턴스에서 직접 백엔드 파일 경로를 import하여 데이터를 가져온다\"], \"question\": \"Vue에서 Python 백엔드로부터 JSON 데이터를 받아와 화면에 표시하려면 보통 어떤 방식을 사용합니까?\", \"answer_idx\": 0, \"explanation\": \"Vue 프런트엔드는 백엔드 API와의 데이터 교환에 주로 fetch나 axios 같은 HTTP 클라이언트를 이용해 JSON 데이터를 비동기로 가져옵니다. 받은 데이터를 Vue 데이터 속성이나 상태 관리에 반영하고, 필요 시 에러 핸들링도 추가합니다.\"}}','2026-02-06',1,1,'2026-02-06 03:45:54'),(50,40,'{\"blog_item\": {\"title\": \"Vue로 시작하는 컴포넌트 기반 UI와 Jupyter Notebook의 데이터 시각화 연결하기\", \"outline\": \"최근 커밋 내역이 없지만, Vue, Jupyter Notebook, HTML을 주로 다루시네요! Vue를 이용한 컴포넌트 설계와 Jupyter Notebook에서의 데이터 시각화 연결에 대해 써보는 건 어떨까요?\\n- 서론: 독자에게 문제 제시와 목표 명시\\n- Tech Stack 간의 관계 설명: Vue 컴포넌트가 Notebook에서 어떻게 시각화와 상호작용하는지 소개\\n- 구체 예제 제시: Notebook에 Vue 컴포넌트를 임베드하는 방법 또는 iframe, 또는 IPyWidgets와의 연계 아이디어\\n- 구현 팁: HTML/CSS 구조, Vue 구성 요소 설계, 간단한 데이터 흐름 구성\\n- 마무리 및 확장 학습 포인트: 성능, 테스트, 배포에 대한 간단한 팁\"}, \"quiz_item\": {\"options\": [\"데이터는 컴포넌트 간에 직접 공유되어야 한다\", \"자식에서 부모로 데이터를 전달하는 것이 일반적이다\", \"props를 통해 부모에서 자식에게 데이터를 전달한다\", \"두 컴포넌트가 같은 전역 변수를 공유한다\"], \"question\": \"다음 중 Vue에서 부모 컴포넌트가 자식 컴포넌트에 데이터를 전달하는 주된 방법은 무엇인가요?\", \"answer_idx\": 2, \"explanation\": \"정답은 세 번째 옵션이다. Vue에서 부모가 자식에게 데이터를 전달할 때 주로 props를 사용한다. 1번은 잘못된 설명이며, 2번은 자식이 부모로 데이터를 보낼 때 일반적으로 사용하는 방법이 아니다. 4번도 전역 변수를 남용하는 비권장 패턴이다.\"}}','2026-02-06',1,0,'2026-02-06 05:39:46'),(51,15,'{\"blog_item\": {\"title\": \"C++와 Java의 메모리 관리와 성능 최적화: 실무 팁과 예제\", \"outline\": \"최근 커밋 내역이 없지만, C++와 Java를 주로 다루시네요! 메모리 관리와 성능 최적화에 대해 써보는 건 어떨까요?\\n- RAII와 스마트 포인터의 개념과 실무 적용 방법\\n- C++에서의 메모리 풀, 소유권 관리, 누수 방지 전략\\n- Java의 GC 작동 원리와 기본 튜닝 기법\\n- 두 언어의 차이점이 성능에 미치는 영향 비교\\n- 성능 개선을 위한 실전 팁: 불필요한 복사 줄이기, 캐시 친화성\\n- 예제 코드 스니펫으로 간단한 벤치마크 구성 아이디어\\n- 마무리 및 추가 학습 자료 추천\"}, \"quiz_item\": {\"options\": [\"자동으로 메모리 해제가 보장되어 누락된 delete를 방지한다\", \"순환 참조를 완전히 회피한다\", \"소유권과 수명을 명시적으로 관리할 수 있다\", \"다중 스레드 환경에서 참조 카운트가 안전하게 증가/감소한다\"], \"question\": \"다음 설명 중 스마트 포인터와 관련하여 옳지 않은 것은 무엇인가요?\", \"answer_idx\": 1, \"explanation\": \"스마트 포인터는 메모리 누수를 줄이고 소유권 관리를 쉽게 해주지만, 순환 참조가 발생하면 여전히 메모리 누수가 생길 수 있습니다. 이를 방지하려면 weak_ptr를 사용해 순환 참조를 끊어줘야 합니다.\"}}','2026-02-06',0,0,'2026-02-06 05:41:51'),(52,41,'{\"blog_item\": {\"title\": \"Jupyter Notebook에서 HTML 렌더링으로 데이터 시각화 대시보드 만들기\", \"outline\": \"최근 커밋 내역이 없지만, Python과 Jupyter Notebook, HTML을 주로 다루시네요! Jupyter Notebook에서 HTML 렌더링과 간단한 대시보드 만들기에 대해 써보는 건 어떨까요?\\n- 이 주제가 초보자에게도 유용한 이유를 간단히 설명\\n- 핵심 기술: IPython.display.HTML를 이용한 HTML 문자열 렌더링의 기본 방법\\n- 예제 구성: 데이터 프레임을 HTML 표로 변환하고 스타일링하는 간단한 예제\\n- 확장 아이디어: Matplotlib/Plotly 차트와 HTML 출력을 결합한 대시보드 아이디어\\n- 글의 흐름 제안: 서론 → 실습 코드 스니펫 → 결과 해석 → 마무리 및 확장 팁\"}, \"quiz_item\": {\"options\": [\"TML 문자열을 렌더링하려면 외부 브라우저를 열어야 한다\", \"%%html 매직은 Jupyter Notebook에서 지원되지 않는다\", \"otebook은 HTML 렌더링을 지원하지 않는다\", \"Python.display.HTML를 사용해 HTML 문자열을 렌더링할 수 있다\"], \"question\": \"Jupyter Notebook에서 HTML 문자열을 렌더링하는 가장 간단하고 표준적인 방법은 무엇인가요?\", \"answer_idx\": 3, \"explanation\": \"정답은 4번째 옵션인 \'IPython.display.HTML를 사용해 HTML 문자열을 렌더링할 수 있다\'입니다. 이 방법은 Jupyter Notebook에서 HTML 문자열을 직접 렌더링하는 일반적이고 표준적인 방법이며, from IPython.display import HTML; HTML(\'<strong>안녕</strong>\') 와 같이 사용할 수 있습니다. 다른 옵션들은 실제로는 잘못되었거나 혼동을 주는 내용입니다.\"}}','2026-02-06',1,1,'2026-02-06 05:42:23'),(53,42,'{\"blog_item\": {\"title\": \"Jupyter Notebook으로 데이터 분석하고 Vue로 시각화 대시보드 만들기\", \"outline\": \"최근 커밋 내역이 없지만, Jupyter Notebook, Python, Vue를 주로 다루시네요! 데이터 분석과 Vue 대시보드 통합에 대해 써보는 건 어떨까요?\\n- 글의 목적과 독자층 명확히 하기\\n- 전체 아키텍처 개요: Jupyter에서 데이터 처리 → Vue 대시보드로 시각화\\n- Jupyter에서 데이터 전처리 예시와 코드 스니펫\\n- 백엔드 연결 방법: FastAPI를 이용한 간단한 API 설계\\n- Vue 프런트엔드 구성: 차트 라이브러리 선택과 데이터 바인딩\\n- 배포 및 테스트 팁: 로컬 개발 서버 연결 및 간단한 배포 전략\"}, \"quiz_item\": {\"options\": [\"uex\", \"edux\", \"inia\", \"obX\"], \"question\": \"Vue 3에서 상태 관리를 위해 널리 사용되는 라이브러리는 무엇인가요?\", \"answer_idx\": 2, \"explanation\": \"Pinia는 Vue 3에 최적화된 경량의 상태 관리 라이브러리로, Composition API와 잘 통합되며 타입스크립트를 자연스럽게 지원합니다. Vue 3의 권장 상태 관리 솔루션으로 널리 사용됩니다.\"}}','2026-02-06',1,1,'2026-02-06 05:42:28'),(54,43,'{\"blog_item\": {\"title\": \"일반 소프트웨어 개발자를 위한 핵심 설계 원칙과 실전 팁\", \"outline\": \"최근 커밋 내역이 없지만, 일반 소프트웨어 개발을 주로 다루시네요! 소프트웨어 설계 원칙에 대해 써보는 건 어떨까요?\\n\\n- 서론: 소프트웨어 설계 원칙의 중요성과 기본 아이디어를 간단히 정리\\n- 핵심 원칙 소개: SOLID 등 대표 원칙의 핵심 아이디어와 구현 포인트\\n- 모듈성/의존성 관리: 잘 나뉜 모듈과 의존성 역전의 이점\\n- 테스트와 설계의 관계: 테스트 용이성을 높이는 설계 패턴\\n- 실전 예시: 작은 기능 추가가 코드베이스 유지보수에 미치는 영향\\n- 글 마무리 및 실전 체크리스트: 바로 적용할 수 있는 간단한 체크리스트\"}, \"quiz_item\": {\"options\": [\"소스 코드의 보안을 강화한다\", \"변경 이력을 기록하고 히스토리를 이해하기 쉽게 만든다\", \"빌드를 자동으로 생성한다\", \"런타임 성능을 최적화한다\"], \"question\": \"다음 중 버전 관리에서 커밋 메시지의 주된 목적은 무엇인가요?\", \"answer_idx\": 1, \"explanation\": \"커밋 메시지는 변경 이력을 명확하게 남겨 팀원들과의 의사소통을 돕고, 나중에 어떤 이유로 어떤 변경이 있었는지 히스토리를 쉽게 이해하기 위한 목적이 있습니다.\"}}','2026-02-06',1,1,'2026-02-06 05:48:47'),(55,44,'{\"blog_item\": {\"title\": \"Jupyter Notebook, Java, Vue를 한꺼번에 다루는 데이터 시각화 워크플로우 가이드\", \"outline\": \"최근 커밋 내역이 없지만, Jupyter Notebook, Java, Vue를 주로 다루시네요! 데이터 분석에서 프런트엔드까지 연결하는 워크플로우에 대해 써보는 건 어떨까요?\\n- 주제 소개: 데이터 분석과 프런트엔드의 연결점과 독자 타깃 설정\\n- Part 1: Jupyter Notebook에서 데이터 분석과 Java 알고리즘 실험을 함께 다루는 방법\\n- Part 2: Java 백엔드(API) 설계 예시와 Vue 프런트엔드 연동 구체화(예: REST API, CORS, 데이터 직렬화)\\n- Part 3: 데이터 시각화와 UI/UX 팁: 차트 라이브러리 선택과 Vue 컴포넌트 설계\\n- Part 4: 실전 예제 스니펫: 간단한 엔드투엔드 예제 흐름과 테스트 팁\\n- 마무리: 배운 점 요약과 확장 아이디어\"}, \"quiz_item\": {\"options\": [\"로컬스토리지에 데이터를 저장한 후 직접 바인딩한다\", \"상위 컴포넌트에서 하위 컴포넌트로 데이터를 전달할 때 props를 사용한다\", \"전역 이벤트 버스로 모든 상태를 관리한다\", \"뷰 인스턴스의 모든 데이터는 데이터를 즉시 DOM에 바인딩한다\"], \"question\": \"다음 중 Vue에서 컴포넌트 간 데이터 전달의 일반적인 패턴은 무엇인가?\", \"answer_idx\": 1, \"explanation\": \"Vue의 일반적이고 권장되는 패턴은 단방향 데이터 흐름을 유지하기 위해 상위 컴포넌트에서 하위 컴포넌트로 데이터를 전달할 때 props를 사용하고, 하위에서 상위로의 변경은 이벤트를 통해 전달하는 방식입니다. 이렇게 하면 컴포넌트 재사용성과 예측 가능성이 높아집니다.\"}}','2026-02-06',1,1,'2026-02-06 05:51:37'),(57,10,'{\"blog_item\": {\"title\": \"데이터 분석 노트의 재현성 확보와 파이프라인 설계: Python과 Jupyter Notebook으로 시작하는 실무 가이드\", \"outline\": \"최근 커밋 내역이 없지만, Python과 Jupyter Notebook을 주로 다루시네요! 데이터 분석 노트의 재현성과 파이프라인 구축에 대해 정리해보는 건 어떨까요?\\n- 서론: Jupyter Notebook의 역할과 재현성의 중요성에 대한 간단한 소개\\n- 본문 1: 가상환경 관리와 프로젝트 구성(venv/conda, requirements.txt, pyproject.toml)의 중요성\\n- 본문 2: 노트북 모듈화와 재사용성 높이는 패턴(셀 분리, 함수화, 마크다운으로 문서화)\\n- 본문 3: 데이터 파이프라인의 기본 설계 예시: 데이터 로딩 → 전처리 → 분석/시각화\\n- 실전 팁: 매직 커맨드 활용, 확장팩 설치, 버전 관리(Git)와 결과 공유 방법\\n- 결론: 재현성 확보를 위한 체크리스트와 배포/공유 방법\"}, \"quiz_item\": {\"options\": [\"trl+Enter\", \"lt+Enter\", \"hift+Enter\", \"trl+Shift+Enter\"], \"question\": \"다음 중 Jupyter Notebook에서 현재 셀을 실행하고 바로 다음 셀로 이동하는 단축키는 무엇인가요?\", \"answer_idx\": 2, \"explanation\": \"Shift+Enter은 현재 셀을 실행하고 다음 셀로 이동합니다. Jupyter Notebook의 기본 단축키 중 하나로, 노트북에서 코드를 빠르게 실행하고 흐름을 이어갈 때 자주 사용됩니다.\"}}','2026-02-06',0,0,'2026-02-06 05:58:25'),(58,19,'{\"blog_item\": {\"title\": \"Jupyter Notebook에서 파이썬과 자바의 워크플로우를 한꺼번에 다루는 실전 가이드\", \"outline\": \"최근 커밋 내역이 없지만, Jupyter Notebook, Python, Java를 주로 다루시네요! 데이터 처리와 다언어 개발 워크플로우에 대해 써보는 건 어떨까요?\\n- 서론: 현재 사용 중인 기술 스택을 간단히 소개하고 데이터 분석과 애플리케이션 개발 사이의 접점을 짚어봄\\n- 파이썬/Jupyter 측면: 데이터 로딩, 전처리, 시각화, 노트북 기반 실습 흐름의 표준 구조\\n- 자바 측면: 정적 타이핑의 이점, JVM 기반 성능 관리, 대형 애플리케이션에서의 모듈화 전략\\n- 멀티 언어 워크플로우: Jupyter에서 자바 코드를 실행하는 방법과 유용한 통합 팁\\n- 실전 예제 아이디어: 파이썬으로 분석한 데이터를 자바 기반 API나 서비스에 연결하는 간단한 프로토타입\\n- 마무리와 다음 스텝: 독자에게 도전 과제와 추가 학습 자료 제안\"}, \"quiz_item\": {\"options\": [\"len(array)\", \"array.length\", \"array.size()\", \"array.length()\"], \"question\": \"다음 중 자바에서 배열의 길이를 얻는 올바른 방법은 무엇인가?\", \"answer_idx\": 1, \"explanation\": \"자바에서 배열은 길이를 나타내는 필드 length를 제공합니다. length는 괄호 없이 사용되고, len은 파이썬의 내장 함수이며, size()는 컬렉션에 사용되는 메서드이고, length()는 자바 배열에 대해 잘못된 표기입니다.\"}}','2026-02-06',1,1,'2026-02-06 05:58:45'),(59,46,'{\"blog_item\": {\"title\": \"Java 백엔드와 TypeScript 프런트엔드의 데이터 계약 설계: 실무 가이드\", \"outline\": \"최근 커밋 내역이 없지만, Java, TypeScript, JavaScript를 주로 다루시네요! Java 백엔드와 TypeScript 프런트엔드의 데이터 계약 설계에 대해 써보는 건 어떨까요?\\n\\n- 데이터 계약의 필요성과 계약 변경 관리에 대한 기본 원칙 소개\\n- 백엔드(Java)와 프런트엔드(TypeScript) 간 데이터 스키마 설계의 기본 원칙\\n- API 응답 타입 정의를 위한 실무 예시: User 엔티티를 중심으로\\n- 타입 안전성 확보를 위한 도구 선택과 구성 방법(io-ts, zod 등)과 OpenAPI의 활용\\n- 실제 예제 코드 스니펫: 간단한 사용자 조회 API를 둘 간의 계약으로 구현하기\\n- 테스트 전략: contract tests, 스키마 유효성 검사, 회귀 테스트\\n- 마무리: 학습 포인트와 실무 적용 팁\"}, \"quiz_item\": {\"options\": [\"ypeScript의 타입은 런타임에 존재하며 실행 중에도 확인됩니다.\", \"ava는 런타임에 모든 제네릭 타입 정보가 남아 있어 런타임 검사에 이용됩니다.\", \"ypeScript의 제네릭은 런타임에 남아 있어 런타임에서 타입 정보를 검사합니다.\", \"ava의 제네릭은 타입 소거로 인해 런타임에 구체 타입 정보가 남아있지 않습니다.\"], \"question\": \"다음 진술 중 자바 제네릭의 런타임 처리에 대한 올바른 설명은 무엇인가요?\", \"answer_idx\": 3, \"explanation\": \"자바의 제네릭은 타입 소거(type erasure)로 인해 런타임에 구체 타입 정보가 남아있지 않습니다. 예를 들어 List<String>와 List<Integer>는 런타임에서 같은 List로 취급되어 타입 정보를 런타임에서 구분할 수 없습니다.\"}}','2026-02-06',1,1,'2026-02-06 05:59:49'),(60,7,'{\"blog_item\": {\"title\": \"Python과 Vue로 데이터 파이프라인과 인터랙티브 UI를 함께 구축하기\", \"outline\": \"최근에 a 커밋에서 프론트엔드(Vue/HTML) 관련 작업을 하셨군요! 이와 관련된 컴포넌트 설계와 상태 관리에 대해 정리해보는 건 어떨까요?\\n- 기술 스택의 구성 요소와 역할 정리\\n- Vue 컴포넌트 설계 원칙: 재사용성과 구성 가능성\\n- Python 백엔드와의 데이터 흐름 설계: API 엔드포인트와 데이터 포맷\\n- 상태 관리 비교: props, 이벤트, Vuex/Pinia의 사용 시나리오\\n- 간단한 예제 프로젝트 스켈레톤(폴더 구조) 제안\\n- 테스트와 디버깅 팁: 프런트엔드 테스트 전략과 API 테스트 아이디어\\n- 배포 전략: 정적 자산 서빙, CORS 설정, 보안 고려사항\"}, \"quiz_item\": {\"options\": [\"props로 데이터를 상위에서 하위로 전달한다\", \"로컬 스토리지에 상태를 저장한다\", \"uex를 사용한다\", \"전역 이벤트 버스를 사용한다\"], \"question\": \"다음 중 Vue에서 전역 상태 관리를 위한 일반적인 방법은 무엇인가요?\", \"answer_idx\": 2, \"explanation\": \"전역 상태 관리를 위해 Vuex를 사용하는 것이 일반적이며, Vuex는 중앙 저장소를 통해 컴포넌트 간 상태를 일관되게 관리합니다. 나머지 옵션들은 특정 상황에서 유용하더라도 전역 상태 공유를 위한 일반적 방법으로는 한정적이거나 부적절할 수 있습니다.\"}}','2026-02-06',1,1,'2026-02-06 06:00:15'),(61,47,'{\"blog_item\": {\"title\": \"파이썬과 Cython으로 Jupyter에서 성능 최적화하기: 실전 가이드\", \"outline\": \"최근 커밋 내역이 없지만, Python, Jupyter Notebook, Cython을 주로 다루시네요! Cython으로 Python 코드의 성능을 극대화하는 실전 팁에 대해 써보는 건 어떨까요?\\n- Cython의 기본 아이디어와 목표를 간단히 소개\\n- 빌드 도구(setup.py, pyx 파일)와 컴파일 플로우 정리\\n- 타입 선언의 중요성과 실전 예시\\n- nogil, boundscheck, wraparound 등 최적화 옵션의 사용 주의점\\n- Python vs C 속도 비교의 실제 사례와 벤치마크 방법\\n- Jupyter Notebook에서 실험 결과를 재현하는 워크플로우\"}, \"quiz_item\": {\"options\": [\"def는 Python 호출 가능 버전만 제공하고 C 호출 버전은 제공하지 않습니다.\", \"cpdef는 Python 호출 가능 버전만 제공합니다.\", \"cpdef은 Python 호출 가능 버전과 C 호출 버전 두 가지를 모두 제공합니다.\", \"def는 C에서 직접 호출될 수 있습니다.\"], \"question\": \"Cython에서 def와 cpdef의 차이에 대한 주된 용도는?\", \"answer_idx\": 2, \"explanation\": \"정답은 cpdef은 Python 호출 가능 버전과 C 호출 버전 두 가지를 모두 제공합니다. 이로써 Python에서 일반 호출과 C 코드에서의 빠른 호출 두 가지 경로를 모두 활용할 수 있지만, 두 버전을 관리해야 하므로 코드 복잡도가 증가할 수 있습니다.\"}}','2026-02-06',1,0,'2026-02-06 06:03:25'),(62,48,'{\"blog_item\": {\"title\": \"Vue의 Composition API로 이해하는 setup(): 템플릿 바인딩과 실전 예제\", \"outline\": \"최근 커밋 내역이 없지만, Vue, JavaScript, HTML을 주로 다루시네요! Composition API를 활용한 setup() 이해와 실전 예제에 대해 써보는 건 어떨까요?\\n- 서론: 왜 setup()가 필요한지와 Composition API의 핵심 아이디어를 소개\\n- 배경: Options API와의 차이점, Reactivity의 기본 개념(ref, reactive) 간단 소개\\n- 핵심 내용 1: setup()의 역할과 반환값이 템플릿에 어떻게 연결되는지 예제와 함께 설명\\n- 핵심 내용 2: ref, reactive, computed의 차이점과 실제 예제\\n- 예제 실습: 간단한 Todo 컴포넌트를 작성하며 상태 관리와 템플릿 바인딩 시연\\n- 모범 사례: 무엇을 setup()에서 두고, 무엇은 외부로 분리할지\\n- 마무리: 배운 내용을 정리하고 확장 포인트 제시\"}, \"quiz_item\": {\"options\": [\"setup()에서 반환한 값은 템플릿에서 바인딩 가능하다\", \"setup()은 항상 비동기 작업만 다룬다\", \"setup()의 반환 값은 템플릿에서 접근 가능하지만 반드시 reactive해야 한다\", \"setup()에서 반환한 값은 템플릿에서 직접 사용할 수 있다\"], \"question\": \"Vue 3의 Composition API에서 setup()의 반환값은 템플릿에서 어떻게 사용되나요?\", \"answer_idx\": 3, \"explanation\": \"정답은 4번입니다. setup()에서 반환한 값은 템플릿에서 직접 사용할 수 있으며, 반환된 값이 ref나 reactive로 래핑되면 템플릿에서도 반응적으로 업데이트됩니다.\"}}','2026-02-06',1,1,'2026-02-06 06:03:30'),(63,49,'{\"blog_item\": {\"title\": \"일반 소프트웨어 개발에서의 TDD와 코드 품질 관리: 실전 가이드\", \"outline\": \"최근 커밋 내역이 없지만, 일반 소프트웨어 개발을 주로 다루시네요! 테스트 주도 개발(TDD)와 코드 품질 관리에 대해 써보는 건 어떨까요?\\n- 서론에서 주제의 중요성과 독자 타깃 정의\\n- 테스트 주도 개발(TDD)의 기본 흐름과 핵심 원칙 설명\\n- 코드 품질 관리의 구체적 기법: 테스트 커버리지, 리팩토링, 기계적 결함 제거\\n- 실무에의 적용 팁: 작은 단위 테스트부터 시작, 점진적 도입 전략\\n- 예시 프로젝트 구성 제안: 폴더 구조, 테스트 샘플 코드\\n- 도구 선정과 파이프라인 아이디어: JUnit/PyTest/Jest 등의 도구와 간단한 CI 예시\\n- 결론 및 독자에게의 실행 과제\"}, \"quiz_item\": {\"options\": [\"코드 품질을 위해 자동화된 테스트를 먼저 작성한다\", \"기능 요구사항을 빠르게 구현하는 것이 최우선이다\", \"지속적인 통합과 자동화된 빌드/배포 파이프라인을 구성한다\", \"문서화가 필요하지만 우선순위가 낮다\"], \"question\": \"일반 소프트웨어 개발에서 반복 가능한 릴리스를 위해 가장 중요한 원칙은 무엇입니까?\", \"answer_idx\": 2, \"explanation\": \"CI/CD 파이프라인은 빌드와 테스트를 자동화하고 배포를 반복 가능하게 만들어, 불필요한 수작업을 줄이고 신속한 피드백을 제공합니다.\"}}','2026-02-06',0,0,'2026-02-06 06:07:35'),(64,50,'{\"blog_item\": {\"title\": \"Jupyter Notebook에서 Python과 C++를 함께 활용하는 실전 가이드\", \"outline\": \"최근 커밋 내역이 없지만, Jupyter Notebook과 Python, C++를 주로 다루시네요! 데이터 분석과 고성능 연산을 위한 Python/C++ 결합에 대해 써보는 건 어떨까요?\\n- 목표와 독자층: 이 글의 독자와 배우고 싶은 핵심 목표를 명시\\n- 기본 구성: Jupyter Notebook 환경 설정, 필요한 패키지 설치\\n- 핵심 기술: pybind11을 사용한 C++ 확장 모듈 만들기, 간단한 예제 코드\\n- 실전 팁: 디버깅, 성능 최적화, 벤치마크 설계 방법\\n- 예제 흐름: 데이터 로딩 → 전처리 → 분석/시뮬레이션 → 시각화의 흐름\\n- 마무리 및 확장 아이디어\"}, \"quiz_item\": {\"options\": [\"trl + Enter\", \"nter\", \"hift + Enter\", \"lt + Enter\"], \"question\": \"Jupyter Notebook에서 코드 셀을 실행하는 기본 단축키는 무엇인가요?\", \"answer_idx\": 2, \"explanation\": \"정답 해설: Jupyter Notebook에서 코드 셀을 실행하고 다음 셀로 이동하려면 Shift + Enter를 사용합니다. 이 조합은 셀을 실행한 뒤 자동으로 다음 셀로 포커스를 옮깁니다.\"}}','2026-02-06',1,1,'2026-02-06 06:08:42'),(65,51,'{\"blog_item\": {\"title\": \"Java와 Python에서 병렬 처리의 차이와 실무 적용\", \"outline\": \"최근 커밋 내역이 없지만, Java, Python을 주로 다루시네요! Java와 Python에서 병렬 처리의 차이와 실무 적용에 대해 써보는 건 어떨까요?\\n- 소개 및 목표: 독자에게 주제의 중요성과 글의 목적을 명확히 전달\\n- 배경 이론: CPython의 GIL과 Java의 메모리 모델의 차이를 간단히 정리\\n- 비교 섹션: 스레딩의 동작 방식, 병렬성의 차이 포인트 설명\\n- 실무 가이드: I/O 바인딩 vs CPU 바운드 작업에서의 접근 방법 예시\\n- 성능 측정: 벤치마크 설계와 비교 방법\\n- 참고 자료 및 마무리\"}, \"quiz_item\": {\"options\": [\"다중 스레드가 CPU 바운드 작업에서 진정한 병렬 실행을 보장한다.\", \"IL은 CPython에서 존재하며, 다른 구현에서는 존재하지 않는다.\", \"Python에서 GIL은 해제되면 다른 스레드가 실행될 수 있지만, GIL의 존재로 인해 CPU-bound 작업은 여전히 병렬화가 어려워진다.\", \"멀티프로세싱은 메모리를 공유하여 스레드보다 쉽게 데이터를 공유한다.\"], \"question\": \"Python에서 GIL이 CPU 바운드 작업의 병렬 처리에 어떤 영향을 미치나요?\", \"answer_idx\": 2, \"explanation\": \"정답은 3번 항목이다. CPython의 GIL로 인해 CPU 바운드 작업의 진정한 병렬 실행은 어렵다. GIL은 한 시점에 하나의 스레드만 실행되도록 제어하므로 멀티스레드는 병렬성이 제한된다. 다만 I/O 대기 시 GIL이 해제되기도 하는 경우가 있어 I/O 바운드 작업에선 성능 이득이 발생할 수 있다. 멀티프로세싱은 각 프로세스가 독립적으로 실행되므로 GIL의 영향을 받지 않는다.\"}}','2026-02-06',1,1,'2026-02-06 06:12:35'),(67,53,'{\"blog_item\": {\"title\": \"Java 백엔드와 HTML/CSS 프런트엔드를 연결하는 기본 설계 가이드\", \"outline\": \"최근 커밋 내역이 없지만, Java, HTML, CSS를 주로 다루시네요! Java 백엔드와 HTML/CSS 프런트엔드를 연결하는 기본 패턴에 대해 정리해보는 건 어떨까요?\\n- 포스트의 목표와 대상 독자 정의\\n- 기술 스택 간의 역할 분담과 간단한 아키텍처 다이어그램 제시\\n- 백엔드(Java)에서 REST API 설계의 기본 원칙과 예시 엔드포인트\\n- 프런트엔드(HTML/CSS)에서 API를 호출하고 데이터를 렌더링하는 간단한 예제\\n- 프로젝트 구조와 파일 배치(백엔드 vs 프런트엔드)\\n- 실전 팁: 보안, 테스트, 배포를 위한 확장 포인트\"}, \"quiz_item\": {\"options\": [\"header\", \"main\", \"div\", \"footer\"], \"question\": \"다음 중 시맨틱 태그가 아닌 것은?\", \"answer_idx\": 2, \"explanation\": \"정답 해설: div 태그는 시맨틱 태그가 아니고 레이아웃 용도로 주로 사용되는 반면, header, main, footer 등은 문서 구조를 의미하는 시맨틱 태그입니다.\"}}','2026-02-06',1,1,'2026-02-06 06:17:32'),(68,54,'{\"blog_item\": {\"title\": \"Python과 HTML로 배우는 웹 템플릿의 이해와 실전 가이드\", \"outline\": \"최근 커밋 내역이 없지만, Python과 HTML을 주로 다루시네요! 웹 템플릿의 이해와 실전 예제를 주제로 글을 써보는 건 어떨까요?\\n- 템플릿 엔진의 기본 개념과 필요성 소개\\n- Python의 대표 템플릿 엔진(Jinja2, Django 템플릿) 비교\\n- Flask를 예로 들어 Jinja2로 간단한 HTML 렌더링 실습\\n- 템플릿에서 보안과 성능 이슈(XSS 방지, 템플릿 캐싱) 다루기\\n- 프로젝트 예제: 간단한 블로그 목록 페이지 템플릿 구성 및 데이터 주입\\n- 정리 및 배포 팁: 템플릿 파일 구조와 코드 스니펫 정리\"}, \"quiz_item\": {\"options\": [\"jango ORM\", \"inja2 템플릿 엔진\", \"umPy\", \"andas\"], \"question\": \"다음 중 Python 웹 프레임워크에서 템플릿 엔진으로 흔히 사용하는 것은 무엇인가?\", \"answer_idx\": 1, \"explanation\": \"정답 해설: 템플릿 엔진은 HTML과 데이터를 결합해 동적 페이지를 만들기 위한 도구입니다. Flask에서 주로 사용하는 대표적인 템플릿 엔진이 Jinja2이며, Django는 자체 템플릿 시스템을 사용하지만 필요에 따라 Jinja2를 함께 사용할 수도 있습니다.\"}}','2026-02-06',1,1,'2026-02-06 06:18:47'),(71,57,'{\"blog_item\": {\"title\": \"일반 소프트웨어 개발에서 품질을 높이는 7가지 습관\", \"outline\": \"최근 커밋 내역이 없지만, 일반 소프트웨어 개발을 주로 다루시네요! 일반 소프트웨어 개발에서 품질을 높이는 실천 방법에 대해 써보면 어떨까요?\\n\\n- 서론: 소프트웨어 개발의 반복과 품질의 상관관계 이해\\n- 핵심 주제 1: 테스트 주도 개발(TDD)와 자동화의 필요성\\n- 핵심 주제 2: 작고 명료한 커밋 및 코드 리뷰의 중요성\\n- 핵심 주제 3: 로컬 및 CI에서의 빠른 피드백 루프 설계\\n- 실무 팁: 간단한 예제와 단계별 구현 가이드\\n- 마무리: 지속적 개선의 문화 형성\"}, \"quiz_item\": {\"options\": [\"배포 시간이 길어지고 수동 작업이 늘어난다\", \"테스트 자동화와 피드백 루프가 약화된다\", \"배포 파이프라인 없이도 안전한 배포가 가능하다\", \"코드 변경을 빠르고 안전하게 배포할 수 있다\"], \"question\": \"다음 중 CI/CD의 핵심 이점으로 가장 적합한 설명은 무엇인가요?\", \"answer_idx\": 3, \"explanation\": \"CI/CD는 자동화된 테스트와 배포 파이프라인을 통해 코드 변경을 빠르게 확인하고, 반복적인 배포를 안전하게 수행하게 합니다. 이를 통해 피드백 루프가 빨라지고 품질 리스크가 감소합니다. 따라서 네 가지 옵션 중에서 올바른 설명은 \'코드 변경을 빠르고 안전하게 배포할 수 있다\' 입니다.\"}}','2026-02-06',1,1,'2026-02-06 06:21:03'),(72,58,'{\"blog_item\": {\"title\": \"Python과 Jupyter Notebook, C++로 데이터 파이프라인과 성능 최적화를 설계하는 법\", \"outline\": \"최근 커밋 내역이 없지만, Python, Jupyter Notebook, C++을 주로 다루시네요! 데이터 처리와 성능 최적화에 대해 써보는 건 어떨까요?\\n- 주제 소개와 독자 가치 제시: 왜 이 주제가 중요하고 어떤 문제를 해결하는지 설명\\n- Python으로 데이터 파이프라인의 기본 구성: 수집, 정제, 변환, 로딩의 단계별 예시\\n- Jupyter Notebook 활용 전략: 재현성 있는 실험 기록, 셀 구성, 시각화 방법\\n- C++를 통한 성능 핫스팟 최적화: 인터페이스 설계와 데이터 처리의 간단한 예제\\n- 종합 예시: 간단한 엔드투엔드 파이프라인 구현 예시\\n- 마무리 및 독자 도입 체크리스트: 곧바로 적용 가능한 단계별 가이드\"}, \"quiz_item\": {\"options\": [\"튜플\", \"리스트\", \"문자열\", \"frozenset\"], \"question\": \"다음 중 Python의 기본 가변(mutable) 자료구조는 무엇인가요?\", \"answer_idx\": 1, \"explanation\": \"리스트는 가변적인(mutable) 자료구조로 원소를 변경, 추가, 삭제할 수 있습니다. 반면 튜플은 불변(immutable), 문자열도 불변, frozenset도 불변 집합입니다.\"}}','2026-02-06',1,1,'2026-02-06 06:21:59'),(73,31,'{\"blog_item\": {\"title\": \"Jupyter Notebook과 파이썬으로 데이터 분석 결과를 HTML로 공유하는 방법\", \"outline\": \"최근 커밋 내역이 없지만, Jupyter Notebook, Python, HTML을 주로 다루시네요! 데이터 분석 결과를 HTML로 쉽게 공유하는 방법에 대해 써보는 건 어떨까요?\\n- 글의 목표와 독자층 정의 및 전반적 구조 설계\\n- Jupyter에서 재현 가능한 분석 파이프라인 구성과 코드 주석 가이드\\n- pandas로 데이터 전처리와 seaborn/Matplotlib로의 시각화 예시\\n- nbconvert, Voilà, 또는 간단한 HTML 템플릿으로 결과를 공유하는 방법\\n- 예제 노트북과 HTML 출력물의 파일 구조 제안\\n- 글의 흐름: 도입-데모-학습 포인트-확장 아이디어 순으로 구성\"}, \"quiz_item\": {\"options\": [\"trl-Enter\", \"nter\", \"hift-Enter\", \"lt-Enter\"], \"question\": \"Jupyter Notebook에서 현재 셀을 실행하고 다음 셀로 이동하는 기본 단축키는 무엇인가요?\", \"answer_idx\": 2, \"explanation\": \"현재 셀을 실행하고 바로 다음 셀로 이동하는 기본 단축키는 Shift-Enter입니다. Ctrl-Enter은 현재 셀을 실행하되 커서를 이동하지 않고, Alt-Enter은 실행과 함께 새로운 셀을 아래에 추가합니다.\"}}','2026-02-06',0,0,'2026-02-06 06:54:20'),(74,59,'{\"blog_item\": {\"title\": \"일반 소프트웨어 개발에서 바로 쓰는 핵심 설계 원칙 5가지\", \"outline\": \"최근 커밋 내역이 없지만, General Software Development을 주로 다루시네요! 일반 소프트웨어 개발의 핵심 원칙에 대해 써보는 건 어떨까요?\\n- 글의 목적과 대상 독자 설정\\n- 모듈화와 책임 분리의 중요성\\n- 주요 설계 원칙 소개: 단일 책임 원칙(SRP)과 개방-폐쇄 원칙(OCP)\\n- 의존성 관리와 의존성 주입(DI) 실무 팁\\n- 테스트 전략: 단위 테스트와 통합 테스트의 균형\\n- 실무 예제 아이디어와 코드 스니펫 제안\\n- 마무리: 요약과 독자 행동 촉구\"}, \"quiz_item\": {\"options\": [\"인터페이스를 통해 의존성을 주입하는 것이 핵심이다.\", \"상속보다는 합성을 우선하는 것이 좋다.\", \"클래스나 모듈은 하나의 책임만 가지도록 해야 한다.\", \"모듈 간 의존성을 0으로 만드는 것이 목표다.\"], \"question\": \"다음 중 소프트웨어 설계 원칙 중 하나인 \'단일 책임 원칙\'의 핵심 아이디어는 무엇인가요?\", \"answer_idx\": 2, \"explanation\": \"단일 책임 원칙(SRP)은 클래스나 모듈이 하나의 책임만 가지도록 하여 변경 이유를 단일하게 만들고, 유지 보수와 테스트를 용이하게 하는 원칙입니다.\"}}','2026-02-06',1,1,'2026-02-06 07:42:21'),(75,60,'{\"blog_item\": {\"title\": \"Jupyter Notebook, ASP.NET, ShaderLab를 한꺼번에 다루는 엔드투엔드 워크플로우: 실전 팁과 예제\", \"outline\": \"최근 커밋 내역이 없지만, Jupyter Notebook, ASP.NET, ShaderLab를 주로 다루시네요! 이 주제에 대해 써보는 건 어떨까요?\\n- 서문: 세 기술의 역할과 시나리오를 간단히 소개\\n- 흐름 설계: Jupyter에서 데이터 전처리 및 시각화 → ASP.NET으로 데이터 제공 API 구성 → ShaderLab로 그래픽 시각화 파이프라인 연결\\n- 실전 예제 구조: 간단한 엔드투엔드 샘플 프로젝트의 파일/모듈 구성 제안\\n- 구현 팁: 디버깅 전략, 성능 최적화 포인트, 보안 고려사항\\n- 학습 자료와 확장: 각 기술의 핵심 개념과 다음 단계 로드맵 제시\"}, \"quiz_item\": {\"options\": [\"ingleton\", \"coped\", \"ransient\", \"erRequest\"], \"question\": \"ASP.NET Core에서 의존성 주입 DI 컨테이너의 일반적인 서비스 수명 주기는 무엇인가요?\", \"answer_idx\": 1, \"explanation\": \"ASP.NET Core의 DI 컨테이너는 서비스 수명 주기로 3가지를 기본으로 제공합니다. Scoped는 HTTP 요청당 하나의 인스턴스가 생성되고, 같은 요청 내에서는 동일한 인스턴스가 재사용됩니다. 이는 요청 간에는 인스턴스가 공유되지 않도록 보장합니다.\"}}','2026-02-06',1,1,'2026-02-06 07:54:09'),(76,26,'{\"blog_item\": {\"title\": \"ShaderLab과 HLSL의 만남: 셰이더 작성과 최적화를 위한 실전 가이드\", \"outline\": \"최근 커밋 내역이 없지만, ShaderLab, HLSL, Java를 주로 다루시네요! ShaderLab에서 HLSL 코드 관리와 최적화에 대해 써보는 건 어떨까요?\\n- 서론: ShaderLab의 역할과 HLSL 코드의 위치\\n- 기본 구성: .shader 파일의 구조와 HLSL 블록 사용 예\\n- 성능 포인트: 렌더링 파이프라인에서의 주의점과 최적화 기법\\n- 코드 예시: 간단한 표면 셰이더와 커스텀 함수를 예시로\\n- 자바와의 연동 아이디어: 빌드 파이프라인이나 도구 활용 팁\\n- 마무리: 학습 계획과 독자에게 던지는 도전 과제\"}, \"quiz_item\": {\"options\": [\".hlsl 확장자는 ShaderLab의 기본 확장이다\", \"haderLab은 Java로 작성된 코드도 함께 포함 가능하다\", \".shader 확장자는 ShaderLab에서 HLSL 코드를 포함하는 파일의 일반적인 확장이다\", \"cginc 확장자는 항상 외부 라이브러리 파일이다\"], \"question\": \"ShaderLab에서 HLSL 코드를 포함하는 일반적인 파일의 확장자로 올바른 것은?\", \"answer_idx\": 2, \"explanation\": \"정답은 3번입니다. ShaderLab 파일은 일반적으로 .shader 확장자를 가지며 그 안에 HLSL 코드 블록을 포함할 수 있습니다. cginc 파일은 셰이더의 공통 코드를 포함하는 보조 파일로 사용되지만 항상 외부 라이브러리라는 뜻은 아닙니다.\"}}','2026-02-06',1,1,'2026-02-06 07:56:06'),(77,61,'{\"blog_item\": {\"title\": \"Python, Vue, JavaScript로 구현하는 프런트엔드 상태 관리와 백엔드 연동 실무 가이드\", \"outline\": \"최근 커밋 내역이 없지만, Python, Vue, JavaScript를 주로 다루시네요! Vue에서 상태 관리와 컴포넌트 설계에 대해 써보는 건 어떨까요?\\n- 서문: 이 글의 목적과 독자층\\n- 기술 스택 요약: Python 백엔드와 Vue 프런트엔드의 역할 구분\\n- 핵심 개념: Vue의 반응성 원리, 컴포넌트 설계 원칙, 상태 관리 전략(Pinia, Vuex) 비교\\n- 백엔드 연동 패턴: API 설계, 인증 흐름, 데이터 흐름 다이어그램\\n- 실전 예제 설계: 간단한 투두/타임트래킹 앱의 엔드투엔드 흐름\\n- 코드 스니펫 해설: Python FastAPI/Django와 Vue 간의 통신 예시\\n- 글 구성 팁: 코드 스니펫 최소화, 다이어그램 활용, 테스트 포인트 제시\\n- 마무리: 확장 포인트와 학습 리소스 제안\"}, \"quiz_item\": {\"options\": [\"v-model은 양방향 바인딩을 제공한다\", \"computed는 데이터의 의존성 기반으로 자동으로 업데이트 된다\", \"v-if는 DOM에 조건부 렌더링을 제공한다\", \"setState는 React에서 사용되는 메서드로 Vue에는 없다\"], \"question\": \"다음 중 Vue.js의 특징으로 옳지 않은 것은?\", \"answer_idx\": 3, \"explanation\": \"Vue에서 v-model은 양방향 바인딩을 제공하고, computed는 데이터 의존성에 따라 자동으로 업데이트되며, v-if는 조건부 렌더링을 수행합니다. 반면 setState는 React의 API로 Vue에는 해당 메서드가 없고, Vue에서는 반응형 데이터의 변경이 돕는 방식으로 작동합니다.\"}}','2026-02-06',1,1,'2026-02-06 08:04:58'),(78,62,'{\"blog_item\": {\"title\": \"유지보수에 강한 CSS/SCSS 구조 설계와 자바스크립트 협업 전략\", \"outline\": \"최근 커밋 내역이 없지만, CSS, JavaScript, SCSS를 주로 다루시네요! 유지보수에 강한 CSS/SCSS 구조 설계에 대해 써보는 건 어떨까요?\\n- 프런트엔드 스타일링의 유지보수 포인트를 먼저 정의\\n- CSS 네이밍 규칙과 계층 구조 비교(BEM, SMACSS, CSS Modules 등)\\n- SCSS에서 변수, 믹스인, 함수의 재사용 전략과 계층화\\n- 자바스크립트와의 협업 포인트: 클래스 네이밍, 상태 반영 방식\\n- 실무 예시: 작은 컴포넌트의 파일 구조와 예시 코드\\n- 마무리: 체크리스트로 배포 전 점검 포인트\"}, \"quiz_item\": {\"options\": [\"var(--primary-color)로 CSS 변수를 선언한다\", \"$primary-color: #3498db;\", \"--primary-color: #3498db;\", \"$primary_color: #3498db;\"], \"question\": \"SCSS에서 변수를 선언하는 올바른 문법은 무엇인가요?\", \"answer_idx\": 1, \"explanation\": \"SCSS( Sass)에서 변수는 $로 시작하고 값을 할당하는 문법으로 작성합니다. 예: $primary-color: #3498db; 이 문법이 맞습니다. CSS 변수 선언은 CSS Custom Properties 형식인 var(--name)와 --name: value; 와 다릅니다.\"}}','2026-02-06',1,1,'2026-02-06 08:44:20'),(79,63,'{\"blog_item\": {\"title\": \"자바 스트림과 Optional를 활용한 실전 패턴 정리\", \"outline\": \"최근 커밋 내역이 없지만, Java를 주로 다루시네요! Java Streams와 Optional의 실전 활용에 대해 써보는 건 어떨까요?\\n- 들어가며: Optional의 기본 원리와 코드를 통해 왜 필요한지 설명한다.\\n- 핵심 내용: 스트림과 Optional의 조합 패턴과 피해야 할 남용 사례\\n- 예제 코드: 간단한 도메인 예제를 통해 map, flatMap, filter, orElse, orElseGet, orElseThrow의 차이 설명\\n- 성능과 안전성: 박스화/언박싱 비용, Optional 남용 방지\\n- 실전 팁: 레이어 구분(서비스/리포지토리)에서의 적용 팁\\n- 마무리: 학습한 내용을 작은 레포지토리 예제와 함께 정리하는 방법\"}, \"quiz_item\": {\"options\": [\"llegalStateException\", \"oSuchElementException\", \"ullPointerException\", \"untimeException\"], \"question\": \"자바 Optional의 orElseThrow()를 아무 인수 없이 호출했을 때 기본적으로 던지는 예외는 무엇인가요?\", \"answer_idx\": 1, \"explanation\": \"Optional.orElseThrow()를 인수 없이 호출하면 값이 없을 때 NoSuchElementException을 던집니다. 인수를 주면 공급자(Supplier)에서 정의한 예외를 던지게 할 수 있습니다.\"}}','2026-02-06',1,1,'2026-02-06 11:13:45'),(80,64,'{\"blog_item\": {\"title\": \"Python과 HTML로 시작하는 초보 웹 페이지 만들기: 실전 가이드\", \"outline\": \"최근 커밋 내역이 없지만, Python, HTML을 주로 다루시네요! Python과 HTML을 엮어 배우는 초보 웹 페이지 만들기에 대해 써보는 건 어떨까요?\\n- 목표 독자와 기대 결과를 명시합니다.\\n- 주제의 핵심 개념과 흐름을 간략하게 소개합니다.\\n- 간단한 예제 구조: Python으로 데이터 처리 → HTML 템플릿으로 렌더링하는 흐름의 예.\\n- 실전 팁: 템플릿 엔진 선택, 보안 고려사항, 쉬운 디버깅 팁.\\n- 마무리 요약 및 추가 학습 리소스 안내\"}, \"quiz_item\": {\"options\": [\"(i*i for i in range(10))\", \"[i*i for i in range(10)]\", \"{i:i*i for i in range(10)}\", \"i*i for i in range(10)\"], \"question\": \"다음 중 Python에서 리스트 컴프리헨션의 예시로 올바른 것은?\", \"answer_idx\": 1, \"explanation\": \"정답은 두 번째 옵션이다. 리스트 컴프리헨션은 대괄호로 감싸고 내부에 for 루프를 포함해 새 리스트를 생성하는 구문이다. 첫 번째 옵션은 제너레이터 표현식이고, 세 번째 옵션은 딕셔너리 컴프리헨션이며, 네 번째 옵션은 문법적으로 올바른 리스트를 만들지 않는 표현이다.\"}}','2026-02-06',1,1,'2026-02-06 12:04:26'),(81,65,'{\"blog_item\": {\"title\": \"Java로 REST API 설계와 JavaScript/HTML로 프런트엔드 연결하기: 초보를 위한 작은 풀스택 가이드\", \"outline\": \"최근 커밋 내역이 없지만, Java, JavaScript, HTML을 주로 다루시네요! Java로 REST API 설계와 JavaScript/HTML로 프런트엔드를 연결하는 방법에 대해 써보는 건 어떨까요?\\n- 글의 목표와 타깃 독자 정의: 풀스택 입문자를 위한 실용 가이드\\n- 백엔드 부분: Java로 간단한 REST API 설계, 엔드포인트 설계, DTO/서비스 계층의 기본 흐름 설명\\n- 프런트엔드 부분: JavaScript로 API 호출하기, HTML/CSS로 기본 UI 구성 예시\\n- 데이터 흐름 및 아키텍처 예시: 클라이언트-서버 간의 데이터 흐름 다이어그램\\n- 개발 순서와 예제 코드: 작게 시작하는 \'Hello API\' 예제 코드 스니펫\\n- 테스트, 디버깅, 배포 준비: 간단한 단위/통합 테스트, 로컬 배포 팁\\n- 마무리와 확장 아이디어: 보안, 인증, 추가 기능 아이디어\"}, \"quiz_item\": {\"options\": [\"src\", \"href\", \"alt\", \"title\"], \"question\": \"다음 중 HTML에서 이미지의 대체 텍스트를 설정하는 속성은 무엇인가요?\", \"answer_idx\": 2, \"explanation\": \"alt 속성은 이미지가 로딩되지 않거나 시각 장애인 스크린리더에서 이미지를 설명하는 대체 텍스트를 제공합니다.\"}}','2026-02-06',1,1,'2026-02-06 14:49:36'),(82,47,'{\"blog_item\": {\"title\": \"Python과 Cython으로 성능 최적화하기: Jupyter 노트북에서의 실무 팁\", \"outline\": \"최근 커밋 내역이 없지만, Python, Jupyter Notebook, Cython을 주로 다루시네요! Python과 Cython으로 성능 최적화하기에 대해 써보는 건 어떨까요?\\n- 문제 정의 및 병목 지점 식별 방법\\n- Jupyter에서의 프로파일링 도구 활용법\\n- Cython로 핫스팟 코드 최적화: 타입 선언과 루프 벡터화\\n- 빌드 및 디버깅 팁: setup.py, 확장 모듈 컴파일, 디버깅 전략\\n- 성능 비교: 순수 Python vs Cython 구현 비교 방법\\n- 실전 운영 팁: 배포와 버전 관리 팁\"}, \"quiz_item\": {\"options\": [\"파이썬의 런타임 엔진을 완전히 대체한다\", \"데이터 시각화에 특화된 도구다\", \"ython은 파이썬 코드를 C로 컴파일해 실행 속도를 높이는 도구다\", \"ython은 멀티스레드를 자동으로 보장한다\"], \"question\": \"다음 중 Cython의 핵심 특징은 무엇인가요?\", \"answer_idx\": 2, \"explanation\": \"정답은 세 번째 선택지로, Cython은 파이썬 코드를 C로 컴파일해 실행 속도를 높이는 도구입니다. 타입 선언을 통해 C 확장을 생성하고, 성능 향상을 이끌어내지만 파이썬 런타임을 완전히 대체하지는 않습니다.\"}}','2026-02-07',0,0,'2026-02-06 15:50:03'),(83,66,'{\"blog_item\": {\"title\": \"자바와 파이썬으로 배우는 비동기 프로그래밍 비교 가이드\", \"outline\": \"최근 커밋 내역이 없지만, Java와 Python을 주로 다루시네요! 자바와 파이썬에서의 비동기 프로그래밍 비교에 대해 써보는 건 어떨까요?\\n- 서론: 두 언어의 기본 철학과 비동기 처리의 필요성 간단히 설명\\n- 핵심 비교 포인트: 비동기 모델(스레드 기반 vs 이벤트 루프), 표준 라이브러리의 차이, 예외 및 에러 처리 방식\\n- 실제 예제 비교: Java의 CompletableFuture 예제와 Python의 asyncio 예제의 동작 원리 비교\\n- 코드 구조 가이드: API 호출 흐름 설계, 타임아웃, 예외 재처리 전략\\n- 실무 팁: 성능 모니터링 포인트와 디버깅 팁\\n- 마무리: 요약과 학습 포인트\"}, \"quiz_item\": {\"options\": [\"hread와 Runnable의 조합\", \"ompletableFuture를 사용하는 비동기 API\", \"IL은 파이썬의 글로벌 인터프리터 락\", \"async/await 문법은 자바에서 기본 지원\"], \"question\": \"자바에서 비동기 프로그래밍에 사용되는 대표적인 API는 무엇인가?\", \"answer_idx\": 1, \"explanation\": \"자바에서 비동기 처리는 보통 스레드 기반이 아닌 CompletableFuture 등의 API를 통해 처리합니다. CompletableFuture는 비동기 작업의 조합과 처리를 간편하게 해주는 표준 라이브러리 API입니다.\"}}','2026-02-07',1,1,'2026-02-07 03:59:17'),(84,2,'{\"blog_item\": {\"title\": \"Jupyter Notebook에서 Python과 TypeScript를 연결하는 실전 워크플로우 가이드\", \"outline\": \"최근 커밋 내역이 없지만, Jupyter Notebook, Python, TypeScript를 주로 다루시네요! Jupyter Notebook에서 Python과 TypeScript를 연결하는 워크플로우에 대해 써보는 건 어떨까요?\\n- 목적과 독자 설정: 데이터 분석과 프런트엔드 연동의 필요성\\n- 파트 1: Jupyter Notebook에서 Python으로 데이터 전처리 및 분석 파이프라인 구성\\n- 파트 2: TypeScript로 API 소비와 간단한 프런트엔드 인터랙션 구현\\n- 파트 3: Python-브라우저 연동 기술 비교 (예: Pyodide, Jupyter Widgets)\\n- 파트 4: 예제 프로젝트 설계와 파일 구조\\n- 파트 5: 재현성 및 배포 전략\\n- 마무리: 학습한 점과 확장 아이디어\"}, \"quiz_item\": {\"options\": [\"pandas 라이브러리\", \"umPy 라이브러리\", \"matplotlib 라이브러리\", \"requests 라이브러리\"], \"question\": \"파이썬에서 데이터프레임을 다루는 대표적 라이브러리는 무엇인가요?\", \"answer_idx\": 1, \"explanation\": \"정답은 pandas 라이브러리입니다. pandas는 데이터프레임 형식으로 표 데이터를 편리하게 다루고, 선택/정렬/필터링 등의 작업에 가장 널리 사용됩니다. NumPy는 수치 연산 배열, matplotlib은 시각화, requests는 HTTP 요청에 사용됩니다.\"}}','2026-02-07',1,1,'2026-02-07 12:16:32'),(85,25,'{\"blog_item\": {\"title\": \"Vue + Python + JavaScript로 시작하는 풀스택 개발 로드맵\", \"outline\": \"최근 커밋 내역이 없지만, Vue와 Python, JavaScript를 주로 다루시네요! 이 기술 스택을 염두에 두고 웹 개발의 모범 사례를 정리하는 포스트를 제안합니다.\\n- 서론: 글의 목표와 독자층 정의\\n- 섹션 1: Vue에서의 컴포넌트 설계 원칙과 재사용성\\n- 섹션 2: Python 백엔드(API) 설계의 기본 원칙과 RESTful 스타일\\n- 섹션 3: 프런트와 백 간의 데이터 흐름과 에러 처리\\n- 섹션 4: 테스트, 타입 관리, 코드 품질 도구의 활용\\n- 섹션 5: 배포 파이프라인과 CI/CD의 기본 구성\\n- 결론: 학습 계획과 향후 개선 방향\"}, \"quiz_item\": {\"options\": [\"{expression for item in iterable}\", \"[expression for item in iterable if condition]\", \"(expression for item in iterable)\", \"for item in iterable: expression\"], \"question\": \"다음 중 파이썬 리스트 컴프리헨션의 기본 문법은 무엇인가요?\", \"answer_idx\": 1, \"explanation\": \"리스트 컴프리헨션은 일반적으로 [expression for item in iterable if condition] 형식으로 작성합니다. 이 구문은 iterable에서 조건을 만족하는 항목에 대해 expression을 적용해 새 리스트를 만듭니다. 다른 옵션들은 각각 세트 컴프리헨션, 제네레이터 표현식, 혹은 루프 구문으로, 리스트를 생성하는 기본 구문이 아닙니다.\"}}','2026-02-07',1,1,'2026-02-07 12:25:19'),(86,67,'{\"blog_item\": {\"title\": \"파이썬으로 데이터 파이프라인의 예외 처리와 로깅 전략\", \"outline\": \"최근 커밋 내역이 없지만, Python을 주로 다루시네요! 파이썬으로 데이터 처리 파이프라인의 예외 처리와 로깅 전략에 대해 정리해보는 건 어떨까요?\\n- 주제 개요: 데이터 파이프라인의 필요성과 구성 요소\\n- 예외 처리 전략: 예외 구분, 재시도, 백오프\\n- 로깅과 모니터링: 로깅 포맷, 로그 레벨, 중앙집중 로깅\\n- 구성 요소: 데이터 소스/싱크, 처리 로직, 에러 핸들링\\n- 실전 예제 흐름: 파일 읽기 → 변환 → 저장 파이프라인의 간단한 흐름\\n- 테스트 전략: 단위 테스트와 통합 테스트\\n- 배포 및 운영 팁: 에러 알림, 모니터링 대시보드\"}, \"quiz_item\": {\"options\": [\"파이썬은 수동으로 메모리를 해제해야만 합니다\", \"리스트는 불변 객체입니다\", \"파이썬은 참조 카운트와 GC를 함께 사용해 메모리를 관리합니다\", \"파이썬의 가비지 컬렉션은 항상 즉시 실행되어 성능에 영향을 주지 않습니다\"], \"question\": \"다음 중 파이썬의 메모리 관리에 대한 설명으로 옳은 것은?\", \"answer_idx\": 2, \"explanation\": \"파이썬은 참조 카운트로 대부분의 객체를 즉시 해제하고, 순환 참조 문제를 해결하기 위해 가비지 컬렉션(GC)을 추가로 사용합니다. 이 두 가지 기법이 함께 작동해 메모리를 관리합니다.\"}}','2026-02-08',1,1,'2026-02-08 06:18:40'),(87,2,'{\"blog_item\": {\"title\": \"로컬 개발환경 재현성 확보를 위한 도구 사용과 자동화의 시작\", \"outline\": \"최근에 로컬 개발환경 재현성 확보를 위한 도구 사용 관련 작업을 하셨군요! 이와 관련된 로컬 개발환경 재현성 개선 아이디어에 대해 정리해보는 건 어떨까요?\\n- 구조: 문제 제기 → 탐구 → 해결 → 통찰의 흐름으로 글 구성\\n- 오늘의 목표: 개발환경 재현성의 현재 문제를 짚고, 해결 방향을 제시합니다.\\n- 주제 1: 로컬 개발환경 재현성의 중요성 및 제약\\n- 주제 2: 도구 선택과 구성(예: 가상환경 관리, 도커, 설치 스크립트 등)\\n- 주제 3: 자동화 루틴 설계와 DevLog 습관의 도입\\n> 예: 자동화가 실제로 팀의 재현성을 얼마나 높이고, 테스트의 속도를 어떻게 올리는지에 대한 기대\\n- 자동화의 의도와 기대효과: 재현성 확보, 반복 작업 감소, 문제 발견의 조기화\\n- 테스트의 시작점과 기대되는 변화: 초기 포맷/샘플 저장소, 예제 스켈톤\\n- 탐구 포인트 1: 도구 구성 및 설치 스크립트의 재현성 검증\\n- 탐구 포인트 2: 의존성 관리 방식 비교(가상환경 vs 컨테이너)\\n- 탐구 포인트 3: 문서화 및 공유 가이드의 표준화\\n- 포인트 A: 버전 관리와 스펙의 일관성을 위한 리포지토리 구조 설계\\n- 포인트 B: 실행 순서와 로깅 포맷의 일관성 확보\\n- 포인트 C: 팀 전체의 피드백 루프를 만드는 체크리스트\"}, \"quiz_item\": {\"options\": [\"의존성 관리 없이 여러 패키지가 충돌 없이 동작한다\", \"커널 재시작 없이도 대용량 데이터를 즉시 처리한다\", \"의존성 충돌을 격리할 수 있다\", \"ython 대신 TypeScript로 코드를 실행한다\"], \"question\": \"다음 중 Jupyter Notebook에서 파이썬 가상환경을 사용할 때의 이점은 무엇인가요?\", \"answer_idx\": 2, \"explanation\": \"가상환경은 프로젝트별로 독립된 의존성을 관리할 수 있어, 서로 다른 프로젝트 간의 패키지 버전 충돌을 피하고 재현성을 높여줍니다. Jupyter Notebook에서도 특정 가상환경의 파이썬 커널을 선택해 사용할 수 있습니다.\"}}','2026-02-08',1,1,'2026-02-08 07:55:31');
/*!40000 ALTER TABLE `daily_gifts` ENABLE KEYS */;
UNLOCK TABLES;

--
-- Table structure for table `friendships`
--

DROP TABLE IF EXISTS `friendships`;
/*!40101 SET @saved_cs_client     = @@character_set_client */;
/*!50503 SET character_set_client = utf8mb4 */;
CREATE TABLE `friendships` (
  `id` int NOT NULL AUTO_INCREMENT,
  `requester_id` int NOT NULL,
  `addressee_id` int NOT NULL,
  `status` enum('PENDING','ACCEPTED') NOT NULL,
  `created_at` datetime DEFAULT NULL,
  `updated_at` datetime DEFAULT NULL,
  PRIMARY KEY (`id`),
  KEY `fk_friendships_addressee_id_users` (`addressee_id`),
  KEY `fk_friendships_requester_id_users` (`requester_id`),
  KEY `ix_friendships_id` (`id`),
  CONSTRAINT `fk_friendships_addressee_id_users` FOREIGN KEY (`addressee_id`) REFERENCES `users` (`id`),
  CONSTRAINT `fk_friendships_requester_id_users` FOREIGN KEY (`requester_id`) REFERENCES `users` (`id`)
) ENGINE=InnoDB AUTO_INCREMENT=23 DEFAULT CHARSET=utf8mb4 COLLATE=utf8mb4_0900_ai_ci;
/*!40101 SET character_set_client = @saved_cs_client */;

--
-- Dumping data for table `friendships`
--

LOCK TABLES `friendships` WRITE;
/*!40000 ALTER TABLE `friendships` DISABLE KEYS */;
INSERT INTO `friendships` VALUES (3,5,4,'ACCEPTED','2026-02-04 08:06:21','2026-02-04 08:07:35'),(5,5,2,'ACCEPTED','2026-02-04 08:07:01','2026-02-05 04:07:53'),(6,5,10,'ACCEPTED','2026-02-05 02:15:05','2026-02-05 02:15:15'),(9,33,4,'ACCEPTED','2026-02-05 05:17:43','2026-02-05 05:17:48'),(10,25,5,'ACCEPTED','2026-02-05 07:07:40','2026-02-05 07:07:54'),(11,39,4,'ACCEPTED','2026-02-06 01:22:36','2026-02-06 01:22:59'),(12,39,5,'ACCEPTED','2026-02-06 01:22:59','2026-02-06 03:45:30'),(14,5,33,'ACCEPTED','2026-02-06 05:40:38','2026-02-06 06:56:58'),(15,44,33,'ACCEPTED','2026-02-06 05:52:13','2026-02-06 06:56:56'),(16,53,33,'ACCEPTED','2026-02-06 06:18:12','2026-02-06 06:56:57'),(17,4,51,'ACCEPTED','2026-02-06 06:31:32','2026-02-06 06:32:50'),(18,39,57,'ACCEPTED','2026-02-06 06:42:53','2026-02-06 06:42:57'),(19,39,33,'PENDING','2026-02-06 08:08:56','2026-02-06 08:08:56'),(20,57,5,'PENDING','2026-02-06 08:12:03','2026-02-06 08:12:03'),(21,62,33,'PENDING','2026-02-06 08:44:43','2026-02-06 08:44:43'),(22,66,33,'ACCEPTED','2026-02-07 04:00:34','2026-02-07 04:00:34');
/*!40000 ALTER TABLE `friendships` ENABLE KEYS */;
UNLOCK TABLES;

--
-- Table structure for table `guestbooks`
--

DROP TABLE IF EXISTS `guestbooks`;
/*!40101 SET @saved_cs_client     = @@character_set_client */;
/*!50503 SET character_set_client = utf8mb4 */;
CREATE TABLE `guestbooks` (
  `id` int NOT NULL AUTO_INCREMENT,
  `owner_id` int NOT NULL,
  `author_id` int DEFAULT NULL,
  `content` text NOT NULL,
  `created_at` datetime DEFAULT NULL,
  `is_pinned` int,
  PRIMARY KEY (`id`),
  KEY `fk_guestbooks_author_id_users` (`author_id`),
  KEY `ix_guestbooks_id` (`id`),
  KEY `ix_guestbooks_owner_id` (`owner_id`),
  CONSTRAINT `fk_guestbooks_author_id_users` FOREIGN KEY (`author_id`) REFERENCES `users` (`id`) ON DELETE SET NULL,
  CONSTRAINT `fk_guestbooks_owner_id_users` FOREIGN KEY (`owner_id`) REFERENCES `users` (`id`) ON DELETE CASCADE
) ENGINE=InnoDB AUTO_INCREMENT=36 DEFAULT CHARSET=utf8mb4 COLLATE=utf8mb4_0900_ai_ci;
/*!40101 SET character_set_client = @saved_cs_client */;

--
-- Dumping data for table `guestbooks`
--

LOCK TABLES `guestbooks` WRITE;
/*!40000 ALTER TABLE `guestbooks` DISABLE KEYS */;
INSERT INTO `guestbooks` VALUES (1,4,NULL,'하이 ㅋㅋ','2026-02-04 08:07:47',0),(2,5,NULL,'하이 ㅋㅋ','2026-02-04 08:08:36',0),(3,2,NULL,'하이 ㅋㅋ','2026-02-04 08:08:43',0),(4,4,NULL,'방문햇습니다','2026-02-04 08:17:17',0),(5,10,10,'안녕?','2026-02-05 02:12:18',0),(6,11,11,'ㅎㅇ','2026-02-05 02:16:22',0),(7,10,5,'와우','2026-02-05 02:18:21',0),(8,20,20,'레전드서비스','2026-02-05 02:28:09',0),(10,30,30,'선영웅니 빠이팅!','2026-02-05 04:16:54',0),(11,28,28,'ㅎㅇㅎㅇ','2026-02-05 04:23:35',0),(12,4,NULL,'바보','2026-02-05 23:29:25',0),(13,4,39,'다시 돌아왔다.','2026-02-06 01:23:16',0),(14,41,41,'아','2026-02-06 05:54:30',0),(15,51,51,'방문','2026-02-06 06:16:20',0),(16,51,4,'햄스터 뽑았네','2026-02-06 06:46:47',0),(21,33,33,'안녕하세요 여러분! 에깃 개발자 김싸피입니다!','2026-02-06 07:15:06',1),(22,33,33,'이 메시지를 찾으셨다면 저희 서비스를 열심히 사용해주시는 분이겠죠?!','2026-02-06 07:15:18',0),(23,33,33,'설문조사에 참여하신 뒤 이 메시지를 캡처해서','2026-02-06 07:15:25',0),(24,33,33,'소통방 답글로 보내주신 선착순 1분께 커피 기프티콘 하나 드립니다!!!','2026-02-06 07:15:33',0),(25,33,33,'당첨자가 나온 이후에 이 메시지는 사라져요 👍🙏','2026-02-06 07:15:42',0),(26,33,33,'** 꼭 설문에도 참여해주셔야 해요!! 😭🙏**','2026-02-06 07:15:48',0),(27,57,39,'방명록1','2026-02-06 07:25:20',0),(28,57,39,'방명록1','2026-02-06 07:25:22',0),(29,57,39,'방명록3','2026-02-06 07:25:25',0),(30,57,39,'방명록4','2026-02-06 07:25:27',0),(31,57,39,'방명록','2026-02-06 07:25:46',0),(32,57,39,'DevLog / TIL: Jekyll + Chirpy 배포 자동화 및 DevContainer 학습 기록DevLog / TIL: Jekyll + Chirpy 배포 자동화 및 DevContainer 학습 기록DevLog / TIL: Jekyll + Chirpy 배포 자동화 및 DevContainer 학습 기록DevLog / TIL: Jekyll + Chirpy 배포 자동화 및 DevContainer 학습 기록DevLog / TIL: Jekyll + Chirpy 배포 자동화 및 DevContainer 학습 기록DevLog / TIL: Jekyll + Chirpy 배포 자동화 및 DevContainer 학습 기록DevLog / TIL: Jekyll + Chirpy 배포 자동화 및 DevContainer 학습 기록DevLog / TIL: Jekyll + Chirpy 배포 자동화 및 DevContainer 학습 기록DevLog / TIL: Jekyll + Chirpy 배포 자동화 및 DevContainer 학습 기록','2026-02-06 07:28:13',0),(33,57,39,'DevLog / TIL: Jekyll + Chirpy 배포 자동화 및 DevContainer 학습 기록DevLog / TIL: Jekyll + Chirpy 배포 자동화 및 DevContainer 학습 기록','2026-02-06 07:29:16',0),(34,39,4,'선영아','2026-02-06 07:34:20',0),(35,39,4,'너 식곤증 그만 와','2026-02-06 07:34:25',0);
/*!40000 ALTER TABLE `guestbooks` ENABLE KEYS */;
UNLOCK TABLES;

--
-- Table structure for table `quests`
--

DROP TABLE IF EXISTS `quests`;
/*!40101 SET @saved_cs_client     = @@character_set_client */;
/*!50503 SET character_set_client = utf8mb4 */;
CREATE TABLE `quests` (
  `id` int NOT NULL AUTO_INCREMENT,
  `title` varchar(100) NOT NULL,
  `description` text,
  `exp_reward` int NOT NULL,
  `frequency` enum('DAILY','ONE_TIME','WEEKLY') NOT NULL,
  `is_active` tinyint(1) DEFAULT NULL,
  `created_at` datetime DEFAULT NULL,
  `updated_at` datetime DEFAULT NULL,
  PRIMARY KEY (`id`),
  KEY `ix_quests_id` (`id`)
) ENGINE=InnoDB AUTO_INCREMENT=8 DEFAULT CHARSET=utf8mb4 COLLATE=utf8mb4_0900_ai_ci;
/*!40101 SET character_set_client = @saved_cs_client */;

--
-- Dumping data for table `quests`
--

LOCK TABLES `quests` WRITE;
/*!40000 ALTER TABLE `quests` DISABLE KEYS */;
INSERT INTO `quests` VALUES (1,'Daily Check-in','매일 로그인하면 경험치를 획득합니다.',20,'DAILY',1,'2026-02-04 08:04:40','2026-02-04 08:04:40'),(2,'Daily Quiz Challenge','AI가 출제한 오늘의 퀴즈를 맞추고 지식을 넓히세요.',30,'DAILY',1,'2026-02-04 08:04:40','2026-02-04 08:04:40'),(3,'Write Tech Blog or Custom','Tech Blog 또는 Custom 템플릿으로 새 글을 작성하세요.',40,'DAILY',1,'2026-02-04 08:04:40','2026-02-04 08:04:40'),(4,'Write Project Doc','Project Doc 템플릿으로 새 문서를 작성하세요.',40,'DAILY',1,'2026-02-04 08:04:40','2026-02-04 08:04:40'),(5,'Visit Friends\' Homepage','친구의 홈피를 방문하여 소통해보세요.',30,'DAILY',1,'2026-02-04 08:04:40','2026-02-04 08:04:40'),(6,'Weekly Check-in (5 days)','이번 주에 5일 이상 출석하세요.',100,'WEEKLY',1,'2026-02-04 08:04:40','2026-02-04 08:04:40'),(7,'Write 3 Guestbooks','이번 주에 친구 방명록을 3개 이상 남기세요.',70,'WEEKLY',1,'2026-02-04 08:04:40','2026-02-04 08:04:40');
/*!40000 ALTER TABLE `quests` ENABLE KEYS */;
UNLOCK TABLES;

--
-- Table structure for table `user_dashboards`
--

DROP TABLE IF EXISTS `user_dashboards`;
/*!40101 SET @saved_cs_client     = @@character_set_client */;
/*!50503 SET character_set_client = utf8mb4 */;
CREATE TABLE `user_dashboards` (
  `id` int NOT NULL AUTO_INCREMENT,
  `user_id` int NOT NULL,
  `total_visitors` int DEFAULT NULL COMMENT '블로그 누적 순방문자 수(UV)',
  `today_visitors` int DEFAULT NULL COMMENT '오늘 방문자 수 (자정 초기화 필요, 선택사항)',
  `tech_stack` json DEFAULT NULL COMMENT '주 사용 언어 및 기술 스택',
  `github_stats` json DEFAULT NULL COMMENT '커밋 수, 스타 수 등 깃허브 활동 데이터',
  `last_github_updated_at` datetime DEFAULT NULL COMMENT '깃허브 데이터 마지막 갱신 시점',
  PRIMARY KEY (`id`),
  UNIQUE KEY `uq_user_dashboards_user_id` (`user_id`),
  KEY `ix_user_dashboards_id` (`id`),
  CONSTRAINT `fk_user_dashboards_user_id_users` FOREIGN KEY (`user_id`) REFERENCES `users` (`id`)
) ENGINE=InnoDB AUTO_INCREMENT=68 DEFAULT CHARSET=utf8mb4 COLLATE=utf8mb4_0900_ai_ci;
/*!40101 SET character_set_client = @saved_cs_client */;

--
-- Dumping data for table `user_dashboards`
--

LOCK TABLES `user_dashboards` WRITE;
/*!40000 ALTER TABLE `user_dashboards` DISABLE KEYS */;
INSERT INTO `user_dashboards` VALUES (2,2,6,6,'[{\"name\": \"Jupyter Notebook\", \"color\": \"#DA5B0B\", \"percentage\": 57.6}, {\"name\": \"Python\", \"color\": \"#3572A5\", \"percentage\": 22.3}, {\"name\": \"TypeScript\", \"color\": \"#3178c6\", \"percentage\": 13.4}]','{\"total_prs\": 16, \"total_stars\": 2, \"total_issues\": 0, \"total_commits\": 316}','2026-02-08 10:08:37'),(4,4,4,2,'[{\"name\": \"SCSS\", \"color\": \"#c6538c\", \"percentage\": 85.1}, {\"name\": \"HTML\", \"color\": \"#e34c26\", \"percentage\": 10.5}, {\"name\": \"Shell\", \"color\": \"#89e051\", \"percentage\": 3.7}]','{\"total_prs\": 1, \"total_stars\": 0, \"total_issues\": 0, \"total_commits\": 30}','2026-02-06 08:40:02'),(5,5,4,4,'[{\"name\": \"Vue\", \"color\": \"#41b883\", \"percentage\": 40.0}, {\"name\": \"Python\", \"color\": \"#3572A5\", \"percentage\": 26.8}, {\"name\": \"HTML\", \"color\": \"#e34c26\", \"percentage\": 18.2}]','{\"total_prs\": 0, \"total_stars\": 3, \"total_issues\": 0, \"total_commits\": 56}','2026-02-06 10:59:28'),(6,6,0,0,'[{\"name\": \"JavaScript\", \"color\": \"#f1e05a\", \"percentage\": 78.3}, {\"name\": \"CSS\", \"color\": \"#663399\", \"percentage\": 15.6}, {\"name\": \"HTML\", \"color\": \"#e34c26\", \"percentage\": 6.0}]','{\"total_prs\": 0, \"total_stars\": 0, \"total_issues\": 0, \"total_commits\": 127}','2026-02-05 03:13:44'),(7,7,1,1,'[{\"name\": \"Python\", \"color\": \"#3572A5\", \"percentage\": 61.7}, {\"name\": \"HTML\", \"color\": \"#e34c26\", \"percentage\": 17.8}, {\"name\": \"Vue\", \"color\": \"#41b883\", \"percentage\": 9.1}]','{\"total_prs\": 6, \"total_stars\": 0, \"total_issues\": 9, \"total_commits\": 984}','2026-02-06 05:59:45'),(8,8,0,0,'[]','{\"total_prs\": 0, \"total_stars\": 0, \"total_issues\": 0, \"total_commits\": 0}','2026-02-05 08:10:05'),(9,9,0,0,'[{\"name\": \"TypeScript\", \"color\": \"#3178c6\", \"percentage\": 91.9}, {\"name\": \"Java\", \"color\": \"#b07219\", \"percentage\": 5.4}, {\"name\": \"JavaScript\", \"color\": \"#f1e05a\", \"percentage\": 1.5}]','{\"total_prs\": 1, \"total_stars\": 0, \"total_issues\": 0, \"total_commits\": 62}','2026-02-05 02:07:56'),(10,10,0,0,'[{\"name\": \"Jupyter Notebook\", \"color\": \"#DA5B0B\", \"percentage\": 98.7}, {\"name\": \"Python\", \"color\": \"#3572A5\", \"percentage\": 1.3}]','{\"total_prs\": 0, \"total_stars\": 0, \"total_issues\": 0, \"total_commits\": 17}','2026-02-06 05:57:58'),(11,11,0,0,'[{\"name\": \"Java\", \"color\": \"#b07219\", \"percentage\": 85.7}, {\"name\": \"HTML\", \"color\": \"#e34c26\", \"percentage\": 6.7}, {\"name\": \"CSS\", \"color\": \"#663399\", \"percentage\": 4.7}]','{\"total_prs\": 46, \"total_stars\": 4, \"total_issues\": 2, \"total_commits\": 645}','2026-02-05 02:10:26'),(12,12,0,0,'[{\"name\": \"Java\", \"color\": \"#b07219\", \"percentage\": 53.4}, {\"name\": \"Vue\", \"color\": \"#41b883\", \"percentage\": 42.6}, {\"name\": \"JavaScript\", \"color\": \"#f1e05a\", \"percentage\": 1.8}]','{\"total_prs\": 1, \"total_stars\": 0, \"total_issues\": 1, \"total_commits\": 123}','2026-02-05 02:12:01'),(13,13,0,0,'[{\"name\": \"Java\", \"color\": \"#b07219\", \"percentage\": 45.2}, {\"name\": \"JavaScript\", \"color\": \"#f1e05a\", \"percentage\": 15.9}, {\"name\": \"Mustache\", \"color\": \"#724b3b\", \"percentage\": 12.0}]','{\"total_prs\": 0, \"total_stars\": 0, \"total_issues\": 0, \"total_commits\": 45}','2026-02-05 02:12:25'),(14,14,0,0,'[{\"name\": \"Python\", \"color\": \"#3572A5\", \"percentage\": 100.0}]','{\"total_prs\": 2, \"total_stars\": 0, \"total_issues\": 0, \"total_commits\": 51}','2026-02-05 02:14:20'),(15,15,0,0,'[{\"name\": \"C++\", \"color\": \"#f34b7d\", \"percentage\": 42.7}, {\"name\": \"C\", \"color\": \"#555555\", \"percentage\": 30.4}, {\"name\": \"Java\", \"color\": \"#b07219\", \"percentage\": 17.8}]','{\"total_prs\": 168, \"total_stars\": 1, \"total_issues\": 75, \"total_commits\": 715}','2026-02-06 05:41:24'),(17,17,0,0,'[{\"name\": \"Jupyter Notebook\", \"color\": \"#DA5B0B\", \"percentage\": 99.6}, {\"name\": \"Python\", \"color\": \"#3572A5\", \"percentage\": 0.2}, {\"name\": \"Java\", \"color\": \"#b07219\", \"percentage\": 0.1}]','{\"total_prs\": 43, \"total_stars\": 7, \"total_issues\": 0, \"total_commits\": 152}','2026-02-05 02:17:01'),(18,18,0,0,'[]','{\"total_prs\": 0, \"total_stars\": 0, \"total_issues\": 0, \"total_commits\": 104}','2026-02-05 02:17:36'),(19,19,0,0,'[{\"name\": \"Jupyter Notebook\", \"color\": \"#DA5B0B\", \"percentage\": 89.4}, {\"name\": \"Python\", \"color\": \"#3572A5\", \"percentage\": 9.6}, {\"name\": \"Java\", \"color\": \"#b07219\", \"percentage\": 0.4}]','{\"total_prs\": 43, \"total_stars\": 0, \"total_issues\": 1, \"total_commits\": 158}','2026-02-06 05:58:24'),(20,20,0,0,'[{\"name\": \"Python\", \"color\": \"#3572A5\", \"percentage\": 32.5}, {\"name\": \"Vue\", \"color\": \"#41b883\", \"percentage\": 31.2}, {\"name\": \"HTML\", \"color\": \"#e34c26\", \"percentage\": 15.9}]','{\"total_prs\": 19, \"total_stars\": 0, \"total_issues\": 44, \"total_commits\": 372}','2026-02-05 02:27:30'),(21,21,0,0,'[{\"name\": \"C++\", \"color\": \"#f34b7d\", \"percentage\": 32.3}, {\"name\": \"Python\", \"color\": \"#3572A5\", \"percentage\": 31.7}, {\"name\": \"Vue\", \"color\": \"#41b883\", \"percentage\": 28.8}]','{\"total_prs\": 0, \"total_stars\": 0, \"total_issues\": 0, \"total_commits\": 241}','2026-02-05 03:04:38'),(22,22,0,0,'[]','{\"total_prs\": 0, \"total_stars\": 0, \"total_issues\": 0, \"total_commits\": 0}','2026-02-05 03:15:34'),(23,23,0,0,'[{\"name\": \"C++\", \"color\": \"#f34b7d\", \"percentage\": 38.7}, {\"name\": \"Java\", \"color\": \"#b07219\", \"percentage\": 20.7}, {\"name\": \"JavaScript\", \"color\": \"#f1e05a\", \"percentage\": 20.0}]','{\"total_prs\": 21, \"total_stars\": 0, \"total_issues\": 8, \"total_commits\": 636}','2026-02-05 03:19:28'),(24,24,0,0,'[{\"name\": \"Jupyter Notebook\", \"color\": \"#DA5B0B\", \"percentage\": 96.4}, {\"name\": \"Python\", \"color\": \"#3572A5\", \"percentage\": 2.2}, {\"name\": \"JavaScript\", \"color\": \"#f1e05a\", \"percentage\": 0.8}]','{\"total_prs\": 20, \"total_stars\": 0, \"total_issues\": 0, \"total_commits\": 487}','2026-02-05 06:10:02'),(25,25,3,3,'[{\"name\": \"Vue\", \"color\": \"#41b883\", \"percentage\": 35.9}, {\"name\": \"Python\", \"color\": \"#3572A5\", \"percentage\": 29.6}, {\"name\": \"JavaScript\", \"color\": \"#f1e05a\", \"percentage\": 15.0}]','{\"total_prs\": 26, \"total_stars\": 0, \"total_issues\": 20, \"total_commits\": 161}','2026-02-07 12:25:39'),(26,26,0,0,'[{\"name\": \"ShaderLab\", \"color\": \"#222c37\", \"percentage\": 28.4}, {\"name\": \"HLSL\", \"color\": \"#aace60\", \"percentage\": 25.8}, {\"name\": \"Java\", \"color\": \"#b07219\", \"percentage\": 14.2}]','{\"total_prs\": 71, \"total_stars\": 7, \"total_issues\": 7, \"total_commits\": 819}','2026-02-06 07:55:26'),(27,27,0,0,'[{\"name\": \"Java\", \"color\": \"#b07219\", \"percentage\": 95.3}, {\"name\": \"Python\", \"color\": \"#3572A5\", \"percentage\": 4.7}]','{\"total_prs\": 60, \"total_stars\": 0, \"total_issues\": 0, \"total_commits\": 372}','2026-02-05 03:48:39'),(28,28,1,1,'[{\"name\": \"Jupyter Notebook\", \"color\": \"#DA5B0B\", \"percentage\": 55.1}, {\"name\": \"Python\", \"color\": \"#3572A5\", \"percentage\": 16.1}, {\"name\": \"TypeScript\", \"color\": \"#3178c6\", \"percentage\": 9.5}]','{\"total_prs\": 68, \"total_stars\": 8, \"total_issues\": 11, \"total_commits\": 277}','2026-02-05 03:54:15'),(29,29,0,0,'[{\"name\": \"Jupyter Notebook\", \"color\": \"#DA5B0B\", \"percentage\": 71.2}, {\"name\": \"Java\", \"color\": \"#b07219\", \"percentage\": 26.1}, {\"name\": \"Python\", \"color\": \"#3572A5\", \"percentage\": 2.6}]','{\"total_prs\": 0, \"total_stars\": 0, \"total_issues\": 0, \"total_commits\": 608}','2026-02-05 04:14:14'),(30,30,0,0,'[{\"name\": \"Jupyter Notebook\", \"color\": \"#DA5B0B\", \"percentage\": 91.2}, {\"name\": \"Python\", \"color\": \"#3572A5\", \"percentage\": 6.1}, {\"name\": \"Vue\", \"color\": \"#41b883\", \"percentage\": 0.9}]','{\"total_prs\": 53, \"total_stars\": 1, \"total_issues\": 12, \"total_commits\": 259}','2026-02-05 04:14:24'),(31,31,0,0,'[{\"name\": \"Jupyter Notebook\", \"color\": \"#DA5B0B\", \"percentage\": 99.9}, {\"name\": \"Python\", \"color\": \"#3572A5\", \"percentage\": 0.1}, {\"name\": \"HTML\", \"color\": \"#e34c26\", \"percentage\": 0.0}]','{\"total_prs\": 0, \"total_stars\": 0, \"total_issues\": 0, \"total_commits\": 74}','2026-02-06 06:53:36'),(32,32,0,0,'[]','{\"total_prs\": 4, \"total_stars\": 0, \"total_issues\": 0, \"total_commits\": 112}','2026-02-05 04:38:26'),(33,33,2,2,'[{\"name\": \"SCSS\", \"color\": \"#c6538c\", \"percentage\": 85.1}, {\"name\": \"HTML\", \"color\": \"#e34c26\", \"percentage\": 10.4}, {\"name\": \"Shell\", \"color\": \"#89e051\", \"percentage\": 3.7}]','{\"total_prs\": 0, \"total_stars\": 0, \"total_issues\": 0, \"total_commits\": 1}','2026-02-06 06:56:50'),(34,34,0,0,'[{\"name\": \"Python\", \"color\": \"#3572A5\", \"percentage\": 42.4}, {\"name\": \"HTML\", \"color\": \"#e34c26\", \"percentage\": 26.9}, {\"name\": \"JavaScript\", \"color\": \"#f1e05a\", \"percentage\": 12.6}]','{\"total_prs\": 26, \"total_stars\": 0, \"total_issues\": 0, \"total_commits\": 597}','2026-02-05 05:34:19'),(39,39,2,2,'[{\"name\": \"Jupyter Notebook\", \"color\": \"#DA5B0B\", \"percentage\": 92.7}, {\"name\": \"Python\", \"color\": \"#3572A5\", \"percentage\": 5.1}, {\"name\": \"SCSS\", \"color\": \"#c6538c\", \"percentage\": 1.7}]','{\"total_prs\": 27, \"total_stars\": 0, \"total_issues\": 0, \"total_commits\": 136}','2026-02-06 08:53:32'),(40,40,0,0,'[{\"name\": \"Vue\", \"color\": \"#41b883\", \"percentage\": 42.8}, {\"name\": \"Jupyter Notebook\", \"color\": \"#DA5B0B\", \"percentage\": 24.5}, {\"name\": \"HTML\", \"color\": \"#e34c26\", \"percentage\": 8.6}]','{\"total_prs\": 15, \"total_stars\": 1, \"total_issues\": 0, \"total_commits\": 62}','2026-02-06 05:39:14'),(41,41,0,0,'[{\"name\": \"Jupyter Notebook\", \"color\": \"#DA5B0B\", \"percentage\": 82.5}, {\"name\": \"Python\", \"color\": \"#3572A5\", \"percentage\": 12.9}, {\"name\": \"HTML\", \"color\": \"#e34c26\", \"percentage\": 2.4}]','{\"total_prs\": 37, \"total_stars\": 0, \"total_issues\": 17, \"total_commits\": 482}','2026-02-06 05:41:34'),(42,42,0,0,'[{\"name\": \"Jupyter Notebook\", \"color\": \"#DA5B0B\", \"percentage\": 44.2}, {\"name\": \"Python\", \"color\": \"#3572A5\", \"percentage\": 20.2}, {\"name\": \"Vue\", \"color\": \"#41b883\", \"percentage\": 15.7}]','{\"total_prs\": 0, \"total_stars\": 0, \"total_issues\": 0, \"total_commits\": 173}','2026-02-06 05:41:57'),(43,43,1,1,'[]','{\"total_prs\": 4, \"total_stars\": 0, \"total_issues\": 0, \"total_commits\": 7}','2026-02-06 05:48:19'),(44,44,2,2,'[{\"name\": \"Jupyter Notebook\", \"color\": \"#DA5B0B\", \"percentage\": 67.0}, {\"name\": \"Java\", \"color\": \"#b07219\", \"percentage\": 15.1}, {\"name\": \"Vue\", \"color\": \"#41b883\", \"percentage\": 14.2}]','{\"total_prs\": 32, \"total_stars\": 1, \"total_issues\": 0, \"total_commits\": 130}','2026-02-06 05:51:00'),(46,46,0,0,'[{\"name\": \"Java\", \"color\": \"#b07219\", \"percentage\": 87.7}, {\"name\": \"TypeScript\", \"color\": \"#3178c6\", \"percentage\": 4.6}, {\"name\": \"JavaScript\", \"color\": \"#f1e05a\", \"percentage\": 3.4}]','{\"total_prs\": 33, \"total_stars\": 2, \"total_issues\": 29, \"total_commits\": 239}','2026-02-06 05:59:04'),(47,47,0,0,'[{\"name\": \"Python\", \"color\": \"#3572A5\", \"percentage\": 89.3}, {\"name\": \"Jupyter Notebook\", \"color\": \"#DA5B0B\", \"percentage\": 7.2}, {\"name\": \"Cython\", \"color\": \"#fedf5b\", \"percentage\": 2.2}]','{\"total_prs\": 0, \"total_stars\": 0, \"total_issues\": 0, \"total_commits\": 426}','2026-02-06 15:49:06'),(48,48,0,0,'[{\"name\": \"Vue\", \"color\": \"#41b883\", \"percentage\": 83.8}, {\"name\": \"JavaScript\", \"color\": \"#f1e05a\", \"percentage\": 12.3}, {\"name\": \"HTML\", \"color\": \"#e34c26\", \"percentage\": 2.3}]','{\"total_prs\": 0, \"total_stars\": 0, \"total_issues\": 0, \"total_commits\": 1}','2026-02-06 06:02:44'),(49,49,0,0,'[]','{\"total_prs\": 28, \"total_stars\": 0, \"total_issues\": 0, \"total_commits\": 114}','2026-02-06 06:07:09'),(50,50,0,0,'[{\"name\": \"Jupyter Notebook\", \"color\": \"#DA5B0B\", \"percentage\": 65.8}, {\"name\": \"Python\", \"color\": \"#3572A5\", \"percentage\": 15.8}, {\"name\": \"C++\", \"color\": \"#f34b7d\", \"percentage\": 13.6}]','{\"total_prs\": 6, \"total_stars\": 0, \"total_issues\": 0, \"total_commits\": 1}','2026-02-06 06:08:05'),(51,51,2,2,'[{\"name\": \"Java\", \"color\": \"#b07219\", \"percentage\": 37.1}, {\"name\": \"Python\", \"color\": \"#3572A5\", \"percentage\": 36.1}, {\"name\": \"SCSS\", \"color\": \"#c6538c\", \"percentage\": 22.7}]','{\"total_prs\": 66, \"total_stars\": 1, \"total_issues\": 12, \"total_commits\": 242}','2026-02-06 07:44:51'),(53,53,0,0,'[{\"name\": \"Java\", \"color\": \"#b07219\", \"percentage\": 72.2}, {\"name\": \"HTML\", \"color\": \"#e34c26\", \"percentage\": 16.7}, {\"name\": \"CSS\", \"color\": \"#663399\", \"percentage\": 5.9}]','{\"total_prs\": 30, \"total_stars\": 0, \"total_issues\": 30, \"total_commits\": 209}','2026-02-06 06:16:56'),(54,54,0,0,'[{\"name\": \"Python\", \"color\": \"#3572A5\", \"percentage\": 92.3}, {\"name\": \"HTML\", \"color\": \"#e34c26\", \"percentage\": 7.7}]','{\"total_prs\": 0, \"total_stars\": 0, \"total_issues\": 0, \"total_commits\": 223}','2026-02-06 06:18:04'),(57,57,2,2,'[{\"name\": \"SCSS\", \"color\": \"#c6538c\", \"percentage\": 84.6}, {\"name\": \"HTML\", \"color\": \"#e34c26\", \"percentage\": 11.2}, {\"name\": \"Shell\", \"color\": \"#89e051\", \"percentage\": 3.5}]','{\"total_prs\": 0, \"total_stars\": 0, \"total_issues\": 0, \"total_commits\": 1}','2026-02-06 07:25:53'),(58,58,0,0,'[{\"name\": \"Python\", \"color\": \"#3572A5\", \"percentage\": 76.9}, {\"name\": \"Jupyter Notebook\", \"color\": \"#DA5B0B\", \"percentage\": 14.1}, {\"name\": \"C++\", \"color\": \"#f34b7d\", \"percentage\": 4.6}]','{\"total_prs\": 11, \"total_stars\": 0, \"total_issues\": 0, \"total_commits\": 109}','2026-02-06 06:21:26'),(59,59,0,0,'[]','{\"total_prs\": 0, \"total_stars\": 0, \"total_issues\": 0, \"total_commits\": 0}','2026-02-06 07:41:40'),(60,60,0,0,'[{\"name\": \"Jupyter Notebook\", \"color\": \"#DA5B0B\", \"percentage\": 79.8}, {\"name\": \"ASP.NET\", \"color\": \"#9400ff\", \"percentage\": 5.6}, {\"name\": \"ShaderLab\", \"color\": \"#222c37\", \"percentage\": 5.1}]','{\"total_prs\": 2, \"total_stars\": 0, \"total_issues\": 0, \"total_commits\": 88}','2026-02-06 07:53:45'),(61,61,0,0,'[{\"name\": \"Python\", \"color\": \"#3572A5\", \"percentage\": 44.2}, {\"name\": \"Vue\", \"color\": \"#41b883\", \"percentage\": 41.4}, {\"name\": \"JavaScript\", \"color\": \"#f1e05a\", \"percentage\": 11.4}]','{\"total_prs\": 0, \"total_stars\": 0, \"total_issues\": 0, \"total_commits\": 337}','2026-02-06 08:04:22'),(62,62,0,0,'[{\"name\": \"CSS\", \"color\": \"#663399\", \"percentage\": 36.8}, {\"name\": \"JavaScript\", \"color\": \"#f1e05a\", \"percentage\": 27.7}, {\"name\": \"SCSS\", \"color\": \"#c6538c\", \"percentage\": 12.9}]','{\"total_prs\": 0, \"total_stars\": 0, \"total_issues\": 0, \"total_commits\": 1}','2026-02-06 08:43:40'),(63,63,1,1,'[{\"name\": \"Java\", \"color\": \"#b07219\", \"percentage\": 100.0}]','{\"total_prs\": 40, \"total_stars\": 0, \"total_issues\": 0, \"total_commits\": 248}','2026-02-06 11:13:04'),(64,64,0,0,'[{\"name\": \"Python\", \"color\": \"#3572A5\", \"percentage\": 98.2}, {\"name\": \"HTML\", \"color\": \"#e34c26\", \"percentage\": 1.8}]','{\"total_prs\": 23, \"total_stars\": 0, \"total_issues\": 0, \"total_commits\": 27}','2026-02-06 12:03:25'),(65,65,0,0,'[{\"name\": \"Java\", \"color\": \"#b07219\", \"percentage\": 58.9}, {\"name\": \"JavaScript\", \"color\": \"#f1e05a\", \"percentage\": 16.2}, {\"name\": \"HTML\", \"color\": \"#e34c26\", \"percentage\": 10.7}]','{\"total_prs\": 28, \"total_stars\": 0, \"total_issues\": 23, \"total_commits\": 290}','2026-02-06 14:49:10'),(66,66,7,7,'[{\"name\": \"Java\", \"color\": \"#b07219\", \"percentage\": 98.7}, {\"name\": \"Python\", \"color\": \"#3572A5\", \"percentage\": 1.3}]','{\"total_prs\": 13, \"total_stars\": 0, \"total_issues\": 0, \"total_commits\": 199}','2026-02-07 03:58:53'),(67,67,0,0,'[{\"name\": \"Python\", \"color\": \"#3572A5\", \"percentage\": 100.0}]','{\"total_prs\": 1, \"total_stars\": 0, \"total_issues\": 0, \"total_commits\": 355}','2026-02-08 06:18:05');
/*!40000 ALTER TABLE `user_dashboards` ENABLE KEYS */;
UNLOCK TABLES;

--
-- Table structure for table `user_quests`
--

DROP TABLE IF EXISTS `user_quests`;
/*!40101 SET @saved_cs_client     = @@character_set_client */;
/*!50503 SET character_set_client = utf8mb4 */;
CREATE TABLE `user_quests` (
  `id` int NOT NULL AUTO_INCREMENT,
  `user_id` int NOT NULL,
  `quest_id` int NOT NULL,
  `status` enum('NOT_STARTED','IN_PROGRESS','COMPLETED','CLAIMED') NOT NULL,
  `completed_at` datetime DEFAULT NULL,
  `weekly_checkin_count` int DEFAULT NULL,
  `created_at` datetime DEFAULT NULL,
  `updated_at` datetime DEFAULT NULL,
  PRIMARY KEY (`id`),
  KEY `ix_user_quests_id` (`id`),
  KEY `ix_user_quests_quest_id` (`quest_id`),
  KEY `ix_user_quests_user_id` (`user_id`),
  CONSTRAINT `fk_user_quests_quest_id_quests` FOREIGN KEY (`quest_id`) REFERENCES `quests` (`id`),
  CONSTRAINT `fk_user_quests_user_id_users` FOREIGN KEY (`user_id`) REFERENCES `users` (`id`)
) ENGINE=InnoDB AUTO_INCREMENT=210 DEFAULT CHARSET=utf8mb4 COLLATE=utf8mb4_0900_ai_ci;
/*!40101 SET character_set_client = @saved_cs_client */;

--
-- Dumping data for table `user_quests`
--

LOCK TABLES `user_quests` WRITE;
/*!40000 ALTER TABLE `user_quests` DISABLE KEYS */;
INSERT INTO `user_quests` VALUES (3,2,1,'CLAIMED','2026-02-08 07:54:50',0,'2026-02-04 08:05:15','2026-02-08 07:55:02'),(4,2,6,'IN_PROGRESS',NULL,4,'2026-02-04 08:05:15','2026-02-08 07:54:50'),(5,4,1,'CLAIMED','2026-02-06 00:07:05',0,'2026-02-04 08:05:29','2026-02-06 00:21:56'),(6,4,6,'IN_PROGRESS',NULL,3,'2026-02-04 08:05:29','2026-02-06 00:07:05'),(9,5,1,'CLAIMED','2026-02-06 03:45:14',0,'2026-02-04 08:06:06','2026-02-06 03:45:18'),(10,5,6,'IN_PROGRESS',NULL,3,'2026-02-04 08:06:06','2026-02-06 03:45:14'),(14,4,2,'CLAIMED','2026-02-06 00:14:32',0,'2026-02-04 08:07:32','2026-02-06 03:37:42'),(15,5,5,'CLAIMED','2026-02-06 03:49:47',0,'2026-02-04 08:08:20','2026-02-06 06:35:00'),(16,5,2,'CLAIMED','2026-02-06 06:34:52',0,'2026-02-04 08:08:28','2026-02-06 06:35:01'),(18,4,5,'CLAIMED','2026-02-06 05:41:19',0,'2026-02-04 08:16:03','2026-02-06 06:39:18'),(20,4,3,'CLAIMED','2026-02-06 07:34:03',0,'2026-02-04 08:34:22','2026-02-06 07:35:39'),(22,6,1,'CLAIMED','2026-02-05 02:08:06',0,'2026-02-05 02:08:06','2026-02-05 03:13:48'),(23,6,6,'IN_PROGRESS',NULL,1,'2026-02-05 02:08:06','2026-02-05 02:08:06'),(24,6,2,'CLAIMED','2026-02-05 02:08:22',0,'2026-02-05 02:08:21','2026-02-05 03:13:49'),(25,8,1,'CLAIMED','2026-02-05 02:08:29',0,'2026-02-05 02:08:29','2026-02-05 03:54:22'),(26,8,6,'IN_PROGRESS',NULL,1,'2026-02-05 02:08:29','2026-02-05 02:08:29'),(27,9,1,'CLAIMED','2026-02-05 02:08:56',0,'2026-02-05 02:08:56','2026-02-05 02:10:13'),(28,9,6,'IN_PROGRESS',NULL,1,'2026-02-05 02:08:56','2026-02-05 02:08:56'),(29,10,1,'COMPLETED','2026-02-06 05:57:57',0,'2026-02-05 02:09:09','2026-02-06 05:57:57'),(30,10,6,'IN_PROGRESS',NULL,2,'2026-02-05 02:09:09','2026-02-06 05:57:57'),(31,9,2,'CLAIMED','2026-02-05 02:09:35',0,'2026-02-05 02:09:34','2026-02-05 02:10:16'),(32,10,2,'CLAIMED','2026-02-05 02:10:17',0,'2026-02-05 02:10:17','2026-02-05 02:10:43'),(33,7,1,'CLAIMED','2026-02-06 05:59:43',0,'2026-02-05 02:10:23','2026-02-06 06:02:50'),(34,7,6,'IN_PROGRESS',NULL,2,'2026-02-05 02:10:23','2026-02-06 05:59:43'),(35,7,2,'CLAIMED','2026-02-06 06:02:46',0,'2026-02-05 02:10:46','2026-02-06 06:02:53'),(36,11,1,'CLAIMED','2026-02-05 02:10:52',0,'2026-02-05 02:10:51','2026-02-05 02:13:29'),(37,11,6,'IN_PROGRESS',NULL,1,'2026-02-05 02:10:51','2026-02-05 02:10:51'),(38,12,1,'COMPLETED','2026-02-05 02:12:23',0,'2026-02-05 02:12:23','2026-02-05 02:12:23'),(39,12,6,'IN_PROGRESS',NULL,1,'2026-02-05 02:12:23','2026-02-05 02:12:23'),(40,13,1,'CLAIMED','2026-02-05 02:12:30',0,'2026-02-05 02:12:30','2026-02-05 02:12:59'),(41,13,6,'IN_PROGRESS',NULL,1,'2026-02-05 02:12:30','2026-02-05 02:12:30'),(42,15,1,'COMPLETED','2026-02-06 05:41:22',0,'2026-02-05 02:14:46','2026-02-06 05:41:21'),(43,15,6,'IN_PROGRESS',NULL,2,'2026-02-05 02:14:46','2026-02-06 05:41:21'),(44,14,1,'CLAIMED','2026-02-05 02:14:50',0,'2026-02-05 02:14:49','2026-02-05 02:15:12'),(45,14,6,'IN_PROGRESS',NULL,1,'2026-02-05 02:14:49','2026-02-05 02:14:49'),(48,17,1,'CLAIMED','2026-02-05 02:18:02',0,'2026-02-05 02:18:02','2026-02-05 02:19:00'),(49,17,6,'IN_PROGRESS',NULL,1,'2026-02-05 02:18:02','2026-02-05 02:18:02'),(50,17,2,'CLAIMED','2026-02-05 02:18:36',0,'2026-02-05 02:18:36','2026-02-05 02:19:03'),(51,18,1,'COMPLETED','2026-02-05 02:18:47',0,'2026-02-05 02:18:47','2026-02-05 02:18:47'),(52,18,6,'IN_PROGRESS',NULL,1,'2026-02-05 02:18:47','2026-02-05 02:18:47'),(53,19,1,'COMPLETED','2026-02-06 05:58:23',0,'2026-02-05 02:24:42','2026-02-06 05:58:22'),(54,19,6,'IN_PROGRESS',NULL,2,'2026-02-05 02:24:42','2026-02-06 05:58:22'),(55,19,2,'COMPLETED','2026-02-06 05:59:00',0,'2026-02-05 02:25:04','2026-02-06 05:58:59'),(56,20,1,'CLAIMED','2026-02-05 02:27:49',0,'2026-02-05 02:27:48','2026-02-05 02:28:14'),(57,20,6,'IN_PROGRESS',NULL,1,'2026-02-05 02:27:48','2026-02-05 02:27:48'),(58,12,2,'COMPLETED','2026-02-05 02:38:49',0,'2026-02-05 02:38:49','2026-02-05 02:38:49'),(59,21,1,'COMPLETED','2026-02-05 03:09:13',0,'2026-02-05 03:09:12','2026-02-05 03:09:12'),(60,21,6,'IN_PROGRESS',NULL,1,'2026-02-05 03:09:12','2026-02-05 03:09:12'),(61,21,2,'COMPLETED','2026-02-05 03:09:41',0,'2026-02-05 03:09:41','2026-02-05 03:09:41'),(63,22,1,'COMPLETED','2026-02-05 03:16:39',0,'2026-02-05 03:16:39','2026-02-05 03:16:39'),(64,22,6,'IN_PROGRESS',NULL,1,'2026-02-05 03:16:39','2026-02-05 03:16:39'),(65,22,2,'COMPLETED','2026-02-05 03:16:53',0,'2026-02-05 03:16:52','2026-02-05 03:16:52'),(66,23,1,'CLAIMED','2026-02-05 03:19:53',0,'2026-02-05 03:19:52','2026-02-05 03:20:35'),(67,23,6,'IN_PROGRESS',NULL,1,'2026-02-05 03:19:52','2026-02-05 03:19:52'),(68,23,2,'CLAIMED','2026-02-05 03:20:13',0,'2026-02-05 03:20:12','2026-02-05 03:20:37'),(69,25,1,'COMPLETED','2026-02-07 12:24:53',0,'2026-02-05 03:31:18','2026-02-07 12:24:52'),(70,25,6,'IN_PROGRESS',NULL,3,'2026-02-05 03:31:18','2026-02-07 12:24:52'),(71,26,1,'CLAIMED','2026-02-06 07:55:25',0,'2026-02-05 03:38:36','2026-02-06 08:04:44'),(72,26,6,'IN_PROGRESS',NULL,2,'2026-02-05 03:38:36','2026-02-06 07:55:24'),(73,27,1,'CLAIMED','2026-02-05 03:50:12',0,'2026-02-05 03:50:12','2026-02-05 04:17:44'),(74,27,6,'IN_PROGRESS',NULL,1,'2026-02-05 03:50:12','2026-02-05 03:50:12'),(75,27,2,'CLAIMED','2026-02-05 03:50:39',0,'2026-02-05 03:50:39','2026-02-05 04:17:47'),(76,8,2,'CLAIMED','2026-02-05 03:51:49',0,'2026-02-05 03:51:48','2026-02-05 03:54:25'),(77,28,1,'CLAIMED','2026-02-05 03:54:41',0,'2026-02-05 03:54:40','2026-02-05 03:54:52'),(78,28,6,'IN_PROGRESS',NULL,1,'2026-02-05 03:54:40','2026-02-05 03:54:40'),(79,28,2,'CLAIMED','2026-02-05 03:55:02',0,'2026-02-05 03:55:02','2026-02-05 03:55:09'),(80,25,4,'CLAIMED','2026-02-05 03:59:45',0,'2026-02-05 03:59:44','2026-02-05 03:59:57'),(81,2,2,'CLAIMED','2026-02-08 07:55:47',0,'2026-02-05 04:07:06','2026-02-08 07:57:01'),(82,29,1,'COMPLETED','2026-02-05 04:15:03',0,'2026-02-05 04:15:02','2026-02-05 04:15:02'),(83,29,6,'IN_PROGRESS',NULL,1,'2026-02-05 04:15:02','2026-02-05 04:15:02'),(84,30,1,'CLAIMED','2026-02-05 04:15:04',0,'2026-02-05 04:15:04','2026-02-05 04:17:29'),(85,30,6,'IN_PROGRESS',NULL,1,'2026-02-05 04:15:04','2026-02-05 04:15:04'),(86,29,2,'COMPLETED','2026-02-05 04:15:28',0,'2026-02-05 04:15:27','2026-02-05 04:15:27'),(87,30,2,'CLAIMED','2026-02-05 04:16:07',0,'2026-02-05 04:16:06','2026-02-05 04:17:32'),(88,28,3,'CLAIMED','2026-02-05 04:21:43',0,'2026-02-05 04:21:43','2026-02-05 04:23:37'),(89,31,1,'COMPLETED','2026-02-06 06:53:35',0,'2026-02-05 04:22:44','2026-02-06 06:53:35'),(90,31,6,'IN_PROGRESS',NULL,2,'2026-02-05 04:22:44','2026-02-06 06:53:35'),(91,32,1,'CLAIMED','2026-02-05 04:38:51',0,'2026-02-05 04:38:51','2026-02-05 04:39:22'),(92,32,6,'IN_PROGRESS',NULL,1,'2026-02-05 04:38:51','2026-02-05 04:38:51'),(93,33,1,'CLAIMED','2026-02-06 00:21:28',0,'2026-02-05 05:08:35','2026-02-06 00:21:43'),(94,33,6,'IN_PROGRESS',NULL,2,'2026-02-05 05:08:35','2026-02-06 00:21:28'),(95,33,2,'CLAIMED','2026-02-06 00:50:54',0,'2026-02-05 05:10:42','2026-02-06 01:12:34'),(96,33,3,'CLAIMED','2026-02-05 05:16:31',0,'2026-02-05 05:16:30','2026-02-05 05:18:24'),(97,34,1,'CLAIMED','2026-02-05 05:34:40',0,'2026-02-05 05:34:40','2026-02-05 05:34:50'),(98,34,6,'IN_PROGRESS',NULL,1,'2026-02-05 05:34:40','2026-02-05 05:34:40'),(99,34,2,'COMPLETED','2026-02-05 05:35:04',0,'2026-02-05 05:35:04','2026-02-05 05:35:04'),(100,24,1,'COMPLETED','2026-02-05 06:10:26',0,'2026-02-05 06:10:25','2026-02-05 06:10:25'),(101,24,6,'IN_PROGRESS',NULL,1,'2026-02-05 06:10:25','2026-02-05 06:10:25'),(102,25,3,'CLAIMED','2026-02-05 06:53:27',0,'2026-02-05 06:52:38','2026-02-05 06:56:13'),(103,25,5,'CLAIMED','2026-02-06 05:40:57',0,'2026-02-05 07:08:04','2026-02-06 05:41:51'),(112,39,1,'CLAIMED','2026-02-06 00:36:31',0,'2026-02-06 00:36:31','2026-02-06 05:25:29'),(113,39,6,'IN_PROGRESS',NULL,1,'2026-02-06 00:36:31','2026-02-06 00:36:31'),(114,33,5,'CLAIMED','2026-02-06 01:15:00',0,'2026-02-06 01:09:41','2026-02-06 06:57:13'),(115,39,5,'CLAIMED','2026-02-06 01:23:10',0,'2026-02-06 01:23:10','2026-02-06 05:30:16'),(116,39,2,'CLAIMED','2026-02-06 05:27:45',0,'2026-02-06 05:27:44','2026-02-06 05:28:37'),(117,39,3,'CLAIMED','2026-02-06 05:28:05',0,'2026-02-06 05:28:04','2026-02-06 05:30:17'),(118,40,1,'COMPLETED','2026-02-06 05:39:12',0,'2026-02-06 05:39:12','2026-02-06 05:39:12'),(119,40,6,'IN_PROGRESS',NULL,1,'2026-02-06 05:39:12','2026-02-06 05:39:12'),(120,41,1,'CLAIMED','2026-02-06 05:41:33',0,'2026-02-06 05:41:33','2026-02-06 05:44:21'),(121,41,6,'IN_PROGRESS',NULL,1,'2026-02-06 05:41:33','2026-02-06 05:41:33'),(122,42,1,'COMPLETED','2026-02-06 05:41:56',0,'2026-02-06 05:41:56','2026-02-06 05:41:56'),(123,42,6,'IN_PROGRESS',NULL,1,'2026-02-06 05:41:56','2026-02-06 05:41:56'),(124,41,2,'CLAIMED','2026-02-06 05:43:41',0,'2026-02-06 05:43:41','2026-02-06 05:44:29'),(125,43,1,'CLAIMED','2026-02-06 05:48:19',0,'2026-02-06 05:48:18','2026-02-06 05:51:05'),(126,43,6,'IN_PROGRESS',NULL,1,'2026-02-06 05:48:18','2026-02-06 05:48:18'),(127,43,2,'CLAIMED','2026-02-06 05:50:54',0,'2026-02-06 05:50:54','2026-02-06 05:51:07'),(128,44,1,'CLAIMED','2026-02-06 05:50:59',0,'2026-02-06 05:50:58','2026-02-06 05:53:05'),(129,44,6,'IN_PROGRESS',NULL,1,'2026-02-06 05:50:59','2026-02-06 05:50:59'),(132,44,2,'CLAIMED','2026-02-06 05:53:01',0,'2026-02-06 05:53:00','2026-02-06 05:53:07'),(134,42,2,'COMPLETED','2026-02-06 05:55:11',0,'2026-02-06 05:55:11','2026-02-06 05:55:11'),(135,44,3,'COMPLETED','2026-02-06 05:57:44',0,'2026-02-06 05:57:43','2026-02-06 05:57:43'),(136,46,1,'CLAIMED','2026-02-06 05:59:02',0,'2026-02-06 05:59:01','2026-02-06 06:02:25'),(137,46,6,'IN_PROGRESS',NULL,1,'2026-02-06 05:59:01','2026-02-06 05:59:01'),(138,46,2,'CLAIMED','2026-02-06 06:02:10',0,'2026-02-06 06:02:09','2026-02-06 06:02:27'),(139,47,1,'COMPLETED','2026-02-06 15:49:05',0,'2026-02-06 06:02:41','2026-02-06 15:49:05'),(140,47,6,'IN_PROGRESS',NULL,2,'2026-02-06 06:02:41','2026-02-06 15:49:05'),(141,48,1,'CLAIMED','2026-02-06 06:02:44',0,'2026-02-06 06:02:43','2026-02-06 06:06:43'),(142,48,6,'IN_PROGRESS',NULL,1,'2026-02-06 06:02:43','2026-02-06 06:02:43'),(143,48,2,'CLAIMED','2026-02-06 06:06:24',0,'2026-02-06 06:06:24','2026-02-06 06:06:45'),(144,49,1,'CLAIMED','2026-02-06 06:07:08',0,'2026-02-06 06:07:08','2026-02-06 06:09:24'),(145,49,6,'IN_PROGRESS',NULL,1,'2026-02-06 06:07:08','2026-02-06 06:07:08'),(146,50,1,'CLAIMED','2026-02-06 06:08:04',0,'2026-02-06 06:08:04','2026-02-06 06:10:05'),(147,50,6,'IN_PROGRESS',NULL,1,'2026-02-06 06:08:04','2026-02-06 06:08:04'),(148,50,2,'CLAIMED','2026-02-06 06:09:52',0,'2026-02-06 06:09:52','2026-02-06 06:10:07'),(149,51,1,'CLAIMED','2026-02-06 06:11:51',0,'2026-02-06 06:11:50','2026-02-06 06:15:39'),(150,51,6,'IN_PROGRESS',NULL,1,'2026-02-06 06:11:50','2026-02-06 06:11:50'),(151,51,2,'CLAIMED','2026-02-06 06:15:03',0,'2026-02-06 06:15:02','2026-02-06 06:15:41'),(154,53,1,'CLAIMED','2026-02-06 06:16:55',0,'2026-02-06 06:16:55','2026-02-06 06:19:12'),(155,53,6,'IN_PROGRESS',NULL,1,'2026-02-06 06:16:55','2026-02-06 06:16:55'),(156,54,1,'COMPLETED','2026-02-06 06:18:03',0,'2026-02-06 06:18:02','2026-02-06 06:18:02'),(157,54,6,'IN_PROGRESS',NULL,1,'2026-02-06 06:18:02','2026-02-06 06:18:02'),(158,53,2,'CLAIMED','2026-02-06 06:18:54',0,'2026-02-06 06:18:54','2026-02-06 06:19:13'),(161,54,2,'COMPLETED','2026-02-06 06:19:31',0,'2026-02-06 06:19:30','2026-02-06 06:19:30'),(164,57,1,'CLAIMED','2026-02-06 06:20:32',0,'2026-02-06 06:20:32','2026-02-06 08:14:32'),(165,57,6,'IN_PROGRESS',NULL,1,'2026-02-06 06:20:32','2026-02-06 06:20:32'),(166,58,1,'COMPLETED','2026-02-06 06:21:25',0,'2026-02-06 06:21:25','2026-02-06 06:21:25'),(167,58,6,'IN_PROGRESS',NULL,1,'2026-02-06 06:21:25','2026-02-06 06:21:25'),(168,58,2,'COMPLETED','2026-02-06 06:24:53',0,'2026-02-06 06:24:52','2026-02-06 06:24:52'),(169,51,3,'CLAIMED','2026-02-06 06:24:55',0,'2026-02-06 06:24:54','2026-02-06 06:36:58'),(170,5,3,'COMPLETED','2026-02-06 06:35:53',0,'2026-02-06 06:35:52','2026-02-06 06:35:52'),(171,57,3,'CLAIMED','2026-02-06 06:39:02',0,'2026-02-06 06:39:02','2026-02-06 08:14:35'),(172,51,5,'COMPLETED','2026-02-06 06:56:20',0,'2026-02-06 06:47:38','2026-02-06 06:56:20'),(173,33,7,'COMPLETED','2026-02-06 07:15:25',0,'2026-02-06 07:15:24','2026-02-06 07:15:24'),(174,39,7,'CLAIMED','2026-02-06 07:25:22',0,'2026-02-06 07:25:22','2026-02-06 08:53:33'),(175,4,7,'CLAIMED','2026-02-06 07:34:25',0,'2026-02-06 07:34:24','2026-02-06 07:34:51'),(176,57,2,'COMPLETED','2026-02-06 07:40:22',0,'2026-02-06 07:40:21','2026-02-06 07:40:21'),(177,59,1,'COMPLETED','2026-02-06 07:41:39',0,'2026-02-06 07:41:39','2026-02-06 07:41:39'),(178,59,6,'IN_PROGRESS',NULL,1,'2026-02-06 07:41:39','2026-02-06 07:41:39'),(179,59,2,'COMPLETED','2026-02-06 07:44:01',0,'2026-02-06 07:44:00','2026-02-06 07:44:00'),(180,60,1,'CLAIMED','2026-02-06 07:53:44',0,'2026-02-06 07:53:44','2026-02-06 08:04:28'),(181,60,6,'IN_PROGRESS',NULL,1,'2026-02-06 07:53:44','2026-02-06 07:53:44'),(182,26,2,'COMPLETED','2026-02-06 07:57:42',0,'2026-02-06 07:57:42','2026-02-06 07:57:42'),(183,60,2,'CLAIMED','2026-02-06 07:58:05',0,'2026-02-06 07:58:04','2026-02-06 08:04:30'),(184,61,1,'COMPLETED','2026-02-06 08:04:21',0,'2026-02-06 08:04:21','2026-02-06 08:04:21'),(185,61,6,'IN_PROGRESS',NULL,1,'2026-02-06 08:04:21','2026-02-06 08:04:21'),(186,61,2,'COMPLETED','2026-02-06 08:06:12',0,'2026-02-06 08:06:12','2026-02-06 08:06:12'),(187,57,5,'COMPLETED','2026-02-06 08:14:54',0,'2026-02-06 08:13:11','2026-02-06 08:14:53'),(188,62,1,'CLAIMED','2026-02-06 08:43:39',0,'2026-02-06 08:43:38','2026-02-06 08:46:32'),(189,62,6,'IN_PROGRESS',NULL,1,'2026-02-06 08:43:38','2026-02-06 08:43:38'),(190,62,2,'CLAIMED','2026-02-06 08:45:29',0,'2026-02-06 08:45:29','2026-02-06 08:46:35'),(191,63,1,'CLAIMED','2026-02-06 11:13:03',0,'2026-02-06 11:13:03','2026-02-06 11:19:37'),(192,63,6,'IN_PROGRESS',NULL,1,'2026-02-06 11:13:03','2026-02-06 11:13:03'),(193,63,2,'CLAIMED','2026-02-06 11:18:53',0,'2026-02-06 11:18:53','2026-02-06 11:19:39'),(194,64,1,'CLAIMED','2026-02-06 12:03:24',0,'2026-02-06 12:03:24','2026-02-06 12:04:26'),(195,64,6,'IN_PROGRESS',NULL,1,'2026-02-06 12:03:24','2026-02-06 12:03:24'),(196,64,2,'COMPLETED','2026-02-06 12:04:35',0,'2026-02-06 12:04:35','2026-02-06 12:04:35'),(197,65,1,'COMPLETED','2026-02-06 14:49:09',0,'2026-02-06 14:49:08','2026-02-06 14:49:08'),(198,65,6,'IN_PROGRESS',NULL,1,'2026-02-06 14:49:08','2026-02-06 14:49:08'),(199,65,2,'COMPLETED','2026-02-06 14:49:53',0,'2026-02-06 14:49:52','2026-02-06 14:49:52'),(200,66,1,'CLAIMED','2026-02-07 03:58:53',0,'2026-02-07 03:58:52','2026-02-07 04:02:46'),(201,66,6,'IN_PROGRESS',NULL,1,'2026-02-07 03:58:52','2026-02-07 03:58:52'),(202,66,2,'CLAIMED','2026-02-07 04:02:39',0,'2026-02-07 04:02:38','2026-02-07 04:02:48'),(203,2,5,'CLAIMED','2026-02-08 08:00:32',0,'2026-02-07 12:18:17','2026-02-08 08:00:53'),(204,2,3,'CLAIMED','2026-02-08 07:59:23',0,'2026-02-07 12:22:17','2026-02-08 07:59:54'),(205,25,2,'COMPLETED','2026-02-07 12:26:06',0,'2026-02-07 12:26:05','2026-02-07 12:26:05'),(206,67,1,'CLAIMED','2026-02-08 06:18:05',0,'2026-02-08 06:18:04','2026-02-08 06:21:42'),(207,67,6,'IN_PROGRESS',NULL,1,'2026-02-08 06:18:04','2026-02-08 06:18:04'),(208,67,2,'CLAIMED','2026-02-08 06:20:09',0,'2026-02-08 06:20:08','2026-02-08 06:21:45'),(209,2,4,'CLAIMED','2026-02-08 07:59:47',0,'2026-02-08 07:59:47','2026-02-08 07:59:56');
/*!40000 ALTER TABLE `user_quests` ENABLE KEYS */;
UNLOCK TABLES;

--
-- Table structure for table `user_visits`
--

DROP TABLE IF EXISTS `user_visits`;
/*!40101 SET @saved_cs_client     = @@character_set_client */;
/*!50503 SET character_set_client = utf8mb4 */;
CREATE TABLE `user_visits` (
  `id` int NOT NULL AUTO_INCREMENT,
  `visitor_id` int NOT NULL,
  `owner_id` int NOT NULL,
  `visit_date` date DEFAULT NULL,
  PRIMARY KEY (`id`),
  UNIQUE KEY `uq_user_visit_daily` (`visitor_id`,`owner_id`,`visit_date`),
  KEY `ix_user_visits_id` (`id`),
  KEY `ix_user_visits_owner_id` (`owner_id`),
  KEY `ix_user_visits_visit_date` (`visit_date`),
  KEY `ix_user_visits_visitor_id` (`visitor_id`),
  CONSTRAINT `fk_user_visits_owner_id_users` FOREIGN KEY (`owner_id`) REFERENCES `users` (`id`) ON DELETE CASCADE,
  CONSTRAINT `fk_user_visits_visitor_id_users` FOREIGN KEY (`visitor_id`) REFERENCES `users` (`id`) ON DELETE CASCADE
) ENGINE=InnoDB AUTO_INCREMENT=31 DEFAULT CHARSET=utf8mb4 COLLATE=utf8mb4_0900_ai_ci;
/*!40101 SET character_set_client = @saved_cs_client */;

--
-- Dumping data for table `user_visits`
--

LOCK TABLES `user_visits` WRITE;
/*!40000 ALTER TABLE `user_visits` DISABLE KEYS */;
INSERT INTO `user_visits` VALUES (29,2,5,'2026-02-07'),(30,2,5,'2026-02-08'),(5,4,5,'2026-02-04'),(20,4,5,'2026-02-06'),(25,4,33,'2026-02-06'),(21,4,39,'2026-02-06'),(22,4,51,'2026-02-06'),(6,5,4,'2026-02-04'),(18,5,4,'2026-02-06'),(9,5,10,'2026-02-05'),(24,5,33,'2026-02-06'),(13,25,5,'2026-02-05'),(19,25,5,'2026-02-06'),(15,33,4,'2026-02-06'),(16,33,5,'2026-02-06'),(17,39,4,'2026-02-06'),(27,39,5,'2026-02-06'),(26,39,57,'2026-02-06'),(23,51,4,'2026-02-06'),(28,57,39,'2026-02-06');
/*!40000 ALTER TABLE `user_visits` ENABLE KEYS */;
UNLOCK TABLES;

--
-- Table structure for table `users`
--

DROP TABLE IF EXISTS `users`;
/*!40101 SET @saved_cs_client     = @@character_set_client */;
/*!50503 SET character_set_client = utf8mb4 */;
CREATE TABLE `users` (
  `id` int NOT NULL AUTO_INCREMENT,
  `github_id` int NOT NULL,
  `username` varchar(255) NOT NULL,
  `email` varchar(255) DEFAULT NULL,
  `avatar_url` varchar(500) DEFAULT NULL,
  `github_access_token` text,
  `github_refresh_token` text,
  `github_token_expires_at` datetime DEFAULT NULL,
  `is_active` tinyint(1) DEFAULT NULL,
  `tutorial_completed` tinyint(1) NOT NULL,
  `total_visits` int NOT NULL,
  `created_at` datetime DEFAULT NULL,
  `updated_at` datetime DEFAULT NULL,
  PRIMARY KEY (`id`),
  UNIQUE KEY `ix_users_github_id` (`github_id`),
  KEY `ix_users_id` (`id`)
) ENGINE=InnoDB AUTO_INCREMENT=68 DEFAULT CHARSET=utf8mb4 COLLATE=utf8mb4_0900_ai_ci;
/*!40101 SET character_set_client = @saved_cs_client */;

--
-- Dumping data for table `users`
--

LOCK TABLES `users` WRITE;
/*!40000 ALTER TABLE `users` DISABLE KEYS */;
INSERT INTO `users` VALUES (2,172021693,'Yuwolx',NULL,'https://avatars.githubusercontent.com/u/172021693?v=4','gAAAAABpiGCjEP88coM1yXqnLyXCsBBgN61C3EN62rE41wL3-scJf9aHAp6r8YWJ0E-HuZyzBpYxZNXdwGlWkBtykCsXYDIDAaNRtnnfWCpghcbClapEZz_87gjLDmrAbayAh1JMslkP',NULL,NULL,1,1,2,'2026-02-04 08:05:09','2026-02-08 10:08:56'),(4,220550074,'seoyeon208',NULL,'https://avatars.githubusercontent.com/u/220550074?v=4','gAAAAABphajhqcqlaXdBwJCSYITKS51YG_Wl4KoAFofdGZgV4IISIzHLby7iCVG5YO_yYx-y8yozCkArHyFB1kcCQQ_gsrSzaKEHsM7UVKKXcHRycmYFLxD4QCVdcDRkxO_ARdOyuLl3',NULL,NULL,1,1,8,'2026-02-04 08:05:11','2026-02-06 08:40:01'),(5,71025972,'belavenir21',NULL,'https://avatars.githubusercontent.com/u/71025972?v=4','gAAAAABphcmP25hzkJtY9RrdfjZ4wVTDo3nciy-OmDaxbeUE5sbvY00PRHEl3A6AnXCNxfM94K2Z3EOFjuc4YncT3o3sAaFbv8yiGZGRWM3HJV5rZT6AlA7tWOWiqcShOA5KsCYpvdB0',NULL,NULL,1,0,11,'2026-02-04 08:05:33','2026-02-08 08:00:31'),(6,221009146,'nanau9u',NULL,'https://avatars.githubusercontent.com/u/221009146?v=4','gAAAAABphArnrVoYtpV-5kg4TYjDsOy8R18NYwRfv04JXVU7VrLC2OubpHB1PMop6GHEpW1cPHrK3SQTa30jp59z5-ZVhUOS4w9AOCnnppdb8-9mcSHjoVxkZ4ntqoxC_EcOpt8odmJX',NULL,NULL,1,0,0,'2026-02-05 02:07:30','2026-02-05 03:13:43'),(7,173861578,'duuujin','enwls5626@gmail.com','https://avatars.githubusercontent.com/u/173861578?v=4','gAAAAABphYNPO-pUMVSCvW8OPl-RZMm5f71vxjy5RKCfXqSTsvvtCbdluCdNlzY-xRyZ4VWnbCgwn9-NfnFc-q2nkvA_AeKB0-f_0E5-kJHk-V-2VDyFOOIb-p5Prm-ouMPRbiBA5u-m',NULL,NULL,1,1,0,'2026-02-05 02:07:48','2026-02-06 06:00:14'),(8,259477144,'gihoing512-star',NULL,'https://avatars.githubusercontent.com/u/259477144?v=4','gAAAAABphFBcGaIPKaGhlArgADk1Ov2xrY9gpKc5ablWe_ix14WswirBB7q_paSFkPs0U6u3BloZZtQLsnD7V7Q5o_1AQtHsGA9LSnVRZmJOpvvEwOWckrPv_xk2POluKa1_CFK2BfDF',NULL,NULL,1,0,0,'2026-02-05 02:07:51','2026-02-05 08:10:04'),(9,97303815,'aidenjy42',NULL,'https://avatars.githubusercontent.com/u/97303815?v=4','gAAAAABpg_t6QGpwxJYEPfsRsScwaTEg8OmIV1Wo7zf6KwBhJ_xNtC4k6ZAwGVmOcL4KRRmhLGqPBlkYbu14dpcDgh9aGkyvb9neMzMu2VlIYtRypObbZGyy2wGe-uLI2FMtZEOUJ8kp',NULL,NULL,1,0,0,'2026-02-05 02:07:54','2026-02-05 02:07:54'),(10,221245737,'ssafyoung',NULL,'https://avatars.githubusercontent.com/u/221245737?v=4','gAAAAABphYLllCI4WozVQFCoPzSjYdI0TnFHQAi1lyr1HcY6rR8QcfCreLREYrLGXbFNKQqzh2OQZ_5uK-d9bQZUlX4aFGdBeCTB4-nXeQzgdFKfF_6n8AVmXO3GTicnJCOWXGq0p2n0',NULL,NULL,1,0,1,'2026-02-05 02:08:34','2026-02-06 05:57:57'),(11,194380953,'Swimming-Yang',NULL,'https://avatars.githubusercontent.com/u/194380953?v=4','gAAAAABpg_wQSGJlM-Bj8o-Xb109fzgKbGrPdNw4zTqypV9l9px8edmTBMhGYPqxyUARvVwEqeK6fxkj5u1-8f0C4aYgGbYXLLN9eVyECxw1rksw426-DMxg_lj_2rde0rqc7RW2E8ZM',NULL,NULL,1,0,0,'2026-02-05 02:10:24','2026-02-05 02:10:24'),(12,227635347,'SaYoonjin',NULL,'https://avatars.githubusercontent.com/u/227635347?v=4','gAAAAABpg_xvB4C1m7_jm5rYY3iIt8JZuwLO7GF7NiEMvx89a7MF_KBwxfW9ifF3uILisuKjRdgfKJFRdGx7giAvuYnZylpf2j9OYVhjqPkfwj-nDbCwUO_zCgwPpfnSX819KD65fPtu',NULL,NULL,1,0,0,'2026-02-05 02:11:59','2026-02-05 02:11:59'),(13,144981796,'hnjwnaio',NULL,'https://avatars.githubusercontent.com/u/144981796?v=4','gAAAAABpg_yIoRZc_Jb8OcoOCXGkCusaclQl-Gh9O67dMj1Z3MTvcPcw5i7VlALcnpBmN9nSrMsoUwnHjFxkf7X-yFnojh-bLA3kXUxEOX771qLBvBMgQ6hS80YfSApQuyc3EedG0PNB',NULL,NULL,1,0,0,'2026-02-05 02:12:24','2026-02-05 02:12:24'),(14,221036800,'cnchoo25',NULL,'https://avatars.githubusercontent.com/u/221036800?v=4','gAAAAABpg_z7AXVSRzUWJqnM7JjahRsJjSsqu0S6OEm02HiuMMG7IO0AyuCxvS9GWhcgSWIIbTvswbgUaJmM6nTYW_D_31zj9hTb8sMM24XNfT_eJ6VS777GKPZ2ZQnSWvgDjaT2QSzC',NULL,NULL,1,0,0,'2026-02-05 02:14:19','2026-02-05 02:14:19'),(15,52701529,'zhy2on',NULL,'https://avatars.githubusercontent.com/u/52701529?v=4','gAAAAABphX8B_p4DTDragA6PNkk6EyMLO7MxBzkoh9ZqmIC2Fq5uAonerJDjEU9z_nB07wzkvhmDEGo8AJs2ZxxGRhloT9NCh5BRTSmZ3jzLOvaim-YEZkXzt7nMnHzMwA4ofcaprY0h',NULL,NULL,1,1,0,'2026-02-05 02:14:24','2026-02-06 05:41:35'),(17,119103469,'sojaeheon',NULL,'https://avatars.githubusercontent.com/u/119103469?v=4','gAAAAABpg_2ckRv2s8r9yEcXZ9AouNvlWURYhLnhMu5WntM-ylaVopUETAg3vx2-Whbxh050aZOaDrdsVPP0O5SvNfbgmCbt0DUPR_m3Ftx5L8kdZ6WgiK9hhTHMNP5pruLeStY8LpxT',NULL,NULL,1,0,0,'2026-02-05 02:17:00','2026-02-05 02:17:00'),(18,221245772,'nnehhyeji',NULL,'https://avatars.githubusercontent.com/u/221245772?v=4','gAAAAABpg_2_oi4sgcFFeaMLKX-elaNcjEq8Od-JLQF30bjUlTNx6OPX4IxugnRG8ZNL7NzVxqzwzphqSeRiX-qebv1zoB0eqxVZFyDRpFQTXKQz1H-7nF58xJ6c2AqalR95EDMjXIc7',NULL,NULL,1,0,0,'2026-02-05 02:17:35','2026-02-05 02:17:35'),(19,180285723,'Seonyeol-Jeong',NULL,'https://avatars.githubusercontent.com/u/180285723?v=4','gAAAAABphYL-wdn0ZodajQcU4-51AoLAOVOviNc0AlQJRx8WXeqdfc6GOR4AtgXziB3J3IozBSd_emgeZRK8eMayhXTQ8NZJ8pYdFZC3siohfCvZrICetLczPh_LBUFcPiBdBN-MBv-f',NULL,NULL,1,1,0,'2026-02-05 02:24:05','2026-02-06 05:58:50'),(20,176984173,'Migong0311','kimms000311@naver.com','https://avatars.githubusercontent.com/u/176984173?v=4','gAAAAABphAARRNH6zov6pYI7Z-6xYeOG3HWtxLjGL9PDpMOwDpy9dD_gVTt_dyWqDuA2p1YU-rTMxXMR7hch_1zLBPxl3An2NnffwGo4irMM6XGFnhwSDcXJyiaUlOv4Ix832tMBCOP3',NULL,NULL,1,0,0,'2026-02-05 02:27:29','2026-02-05 02:27:29'),(21,221023149,'1447764','971m9280@gmail.com','https://avatars.githubusercontent.com/u/221023149?v=4','gAAAAABphAjEUJDN6U4PobPAWhGEAiEv8qkWAw5k12c-uyT9qU1AUgPofPAs2vejJtHohrLCJvpFTfNrBzk7cCoixj10R_7yZbzUnX0jTAM3RqFKv0NNb8LJ2YkESzSKlYzQyLGacBsa',NULL,NULL,1,0,0,'2026-02-05 03:04:36','2026-02-05 03:04:36'),(22,253651948,'kim79977998-glitch',NULL,'https://avatars.githubusercontent.com/u/253651948?v=4','gAAAAABphAtVP-A3_yvZZw_kYyXlQ_DVcB4PVfrk-breyX5sVCV6DmakV0O1s6aD7AaOxFNBJRlMIAB1G4ilPrOZ3Jn6M_ozG0KrXdq5_0slD7UCMM3INsPwetq1sH--C55Ej5ml8irP',NULL,NULL,1,0,0,'2026-02-05 03:15:33','2026-02-05 03:15:33'),(23,84065357,'cgantro',NULL,'https://avatars.githubusercontent.com/u/84065357?v=4','gAAAAABphAw-LAteP0UQkALHjOtsFkSwSbdlpjphbQdLp0vTPaHlYKok3kAD3SVjwlmOpaOEIGiF1K1OpXQLErkG3eg6pfX0r3TbeeAKHh64CrPoFNsoAl8oZYNQcgLmRFj_SQdDSMZK',NULL,NULL,1,0,0,'2026-02-05 03:19:26','2026-02-05 03:19:26'),(24,221067620,'KSS095','tmdtn339@gmail.com','https://avatars.githubusercontent.com/u/221067620?v=4','gAAAAABphDQ5F1PNnJaNhfA2m2xLQM9nuGXZcNVirErFsPLgwRV8KngBoodJ-ibyeljbUkI5drug8NQATAQ1hPEmFZs34LMyE9iiyBKAlwQZiD31KpK_tmcjoaJxkj_1BvOqb-hBCVW0',NULL,NULL,1,0,0,'2026-02-05 03:25:14','2026-02-05 06:10:01'),(25,221245751,'bmc00-05',NULL,'https://avatars.githubusercontent.com/u/221245751?v=4','gAAAAABphy9Cs5HgA-EQr0kQlIr3Oq62nOfDXjHUe4J-4eiAI0nlwdbermjkIRfaJkT0sY2W3vGeY9b1kBFUBqEewsFn_h0Mtras5YZmT9XDvrV8qdOWuJonZrona1pGaJrNMhHmsrtY',NULL,NULL,1,1,0,'2026-02-05 03:31:13','2026-02-07 12:25:38'),(26,123866834,'bye-on',NULL,'https://avatars.githubusercontent.com/u/123866834?v=4','gAAAAABphZ5sadiH7sil-EFM3ljcc9Jh9cLLqa2LmPaZ0AXmEYUBqUgBcZ1wARHNjdtqLaAXM7dC3uJR4RLEaMJbICdao_urvSZjoZCyEPyaowtvBT_KNb7GEqmSLF9mJuSuOJmrVNaB',NULL,NULL,1,1,0,'2026-02-05 03:38:10','2026-02-06 07:55:41'),(27,221231264,'Ayeong-99',NULL,'https://avatars.githubusercontent.com/u/221231264?v=4','gAAAAABphBMWVtGQJqUXOrEt3QoqA9JJc186slHYRE5bDYQRO_85DL9hqsF0T5laG_6Hg-fhJyWDv2-SFmNqR6wjQmto_rxPyJW8IuKHCadHnLg-xBr7NDubBdPc_MubrBoIt6t7yClP',NULL,NULL,1,0,0,'2026-02-05 03:48:38','2026-02-05 03:48:38'),(28,111474028,'k-syou',NULL,'https://avatars.githubusercontent.com/u/111474028?v=4','gAAAAABphBRlSsYqNnQL3pvyno2ANYQWC2SlP_Dbo8bpW813kZYx6xhpYgm62O5DwmBUnHj9eKW6MtYbjCLLXQN9z1g7KqYzMHvCTzW59dtAAxOu0Mz5o4AQbU4NFTR2WuaHzIAE3xpv',NULL,NULL,1,0,0,'2026-02-05 03:54:13','2026-02-05 03:54:13'),(29,88818438,'HYE77',NULL,'https://avatars.githubusercontent.com/u/88818438?v=4','gAAAAABphBkVs7LM07mw3xdmFVf86hKZOTLmWlc8Q05i4QHmbhyuXhORedto-hQVxBvo2y1Cm4v7NqcmgsLWxa8vrndmsX5xluJFG4tUNO5cuDaegRYP70ywELubcuVssrTAyt6_MN_2',NULL,NULL,1,0,0,'2026-02-05 04:14:13','2026-02-05 04:14:13'),(30,221067584,'jaeyeon0102',NULL,'https://avatars.githubusercontent.com/u/221067584?v=4','gAAAAABphBkea_m3V9ltxQK5OOmW52avl4H5Tg8FpeJ7JJSNPtlkZrfgtNxNE3gNUSa8LDP6Zdn7CRY-3dqrp5JglDykPDa2aCmqZ9xWubSEOyiLLzWuSmaMLBsIxzSvKBfWMB5ehAqX',NULL,NULL,1,0,0,'2026-02-05 04:14:22','2026-02-05 04:14:22'),(31,221245980,'Ryunah96',NULL,'https://avatars.githubusercontent.com/u/221245980?v=4','gAAAAABphY_v9TQtG1BBbXdqcvtC1cqyr7lCp6oo6BkEbXCkatatBJR21vdumEFuRUv3MX2G2h5HHqV62SuujJBH32KIUht_t6hVkalVIt0HwsaPNbwKMM_PTCtW1J2oo9yp-ZI16tYc',NULL,NULL,1,0,0,'2026-02-05 04:22:28','2026-02-06 06:53:35'),(32,221245700,'Tyler-1102',NULL,'https://avatars.githubusercontent.com/u/221245700?v=4','gAAAAABphB7BrC_vqgpAoIT9l45-clUKOay8dFz7CZP4Hiit7U2n-jpcYGuutwQraB1oqsMR0qsPVpt0d8mH3uprFLeosDkWd0ZPew5W2jQvaRzzJG4ES8ow-CtzhFwjnEguTl4gSWfQ',NULL,NULL,1,0,0,'2026-02-05 04:38:25','2026-02-05 04:38:25'),(33,257252346,'kimssafy126',NULL,'https://avatars.githubusercontent.com/u/257252346?v=4','gAAAAABphZCxmjn0ycNe6jgZac0m_XcOOuiCQL6HItJyHf_mq1pfPQXGel2UjfFDjTiMu9ghRGvnOPCWT8Zux1q33ozrOmPr-fLU6qDsiW1KUmiz49_jGpeFgcHdRFyvumcJItWGlo5a',NULL,NULL,1,1,2,'2026-02-05 05:08:06','2026-02-06 07:24:26'),(34,176569081,'brightonlog',NULL,'https://avatars.githubusercontent.com/u/176569081?v=4','gAAAAABphCvZ1xenqVziMyL4BnySu38dZqpg5uN6ImT1OFm86Q0y1HS0TXuKYBmhPIC_BvSMxjGM0sLQJ6uvD5_yK_4m6n6TFprYI11oVLJMNmtyeSl4OF_vOPdRk-c7RNpQgBB5f4CQ',NULL,NULL,1,0,0,'2026-02-05 05:34:17','2026-02-05 05:34:17'),(39,221067716,'seonzero',NULL,'https://avatars.githubusercontent.com/u/221067716?v=4','gAAAAABphawL6nJjXjeEM5ZSHqqE89rUlPUZau0SEfCxGuQHOaJ_bUBOHtkI_mS4Z8JlFPqteqMZtoWX7N0xKvLotR-ieMSYHaPXj_YuNZaDRxiBs8rvA-MNXI4zx8ebxs2_YfXKEOBA',NULL,NULL,1,1,2,'2026-02-06 00:35:56','2026-02-06 08:53:31'),(40,115762865,'Minkyun99',NULL,'https://avatars.githubusercontent.com/u/115762865?v=4','gAAAAABphX6AdQ-uJjbIW5u5VQmag3NwpPZRXzG-VbpiaK9YCl_jnKJq7AdHy1im3g43sn3YXD3ph55g4op-8aGMCdpPUzzqM3Ie_BFkQLPHIQMrbjX2qWH1_-N8AS_MvNU6Sa0BNIl4',NULL,NULL,1,1,0,'2026-02-06 05:39:12','2026-02-06 05:40:22'),(41,221067662,'kimjy02',NULL,'https://avatars.githubusercontent.com/u/221067662?v=4','gAAAAABphX8NRaskC7iJhzuAvucG4G5ysdgB-S9F_j5ZumW_T-Lg-80WqGdR11u_G5nMxZt5DlQPw63kliTzO0Zwk0EGppemZCtDoKSmUUWLwxZf4O8BcHZ26hnV82j9lp1nq_Sis8LE',NULL,NULL,1,1,0,'2026-02-06 05:41:33','2026-02-06 05:43:10'),(42,123154487,'hyeryeongeda',NULL,'https://avatars.githubusercontent.com/u/123154487?v=4','gAAAAABphX8kkMABBmG3SckAFodd2rcrIDGe_onQrrOhKKJsp6qNoEgtiI4F3YJJEUxse74XVyTIDphUynWn57LTjYT3VS5bXIUhnRPcrHCb0dC_Loo3Jg9xmuTM7bwbdBQGvnGS3x2v',NULL,NULL,1,1,0,'2026-02-06 05:41:56','2026-02-06 05:42:37'),(43,73990450,'SonGyuBeom',NULL,'https://avatars.githubusercontent.com/u/73990450?v=4','gAAAAABphYCivFO60dbnkgXo7_G1N7tABxVVdrNWmisuXyLql2rAidwmX3Xf7WwuACAKO9sndZnhyY4uHonKurU3e5alX9AFFmMw0ybyeniL9ImgzEe9tJI_eQ-M8lmmbce-fb_ku4vE',NULL,NULL,1,1,0,'2026-02-06 05:48:18','2026-02-06 05:50:45'),(44,223677789,'jangsee95','jangsee95@gmail.com','https://avatars.githubusercontent.com/u/223677789?v=4','gAAAAABphYFCMhjTfWuyHw3qxVCB89dXFp-LsJHyUGcGFovkQKwPosIJBheYYzxJtN0OMDmGmO08imgxKWH7A-WvuBKpsyIZKfIzh9lyPk7TRG4Kyb-oViHOYH45TrsmWWHV1l0I5le-',NULL,NULL,1,1,0,'2026-02-06 05:50:58','2026-02-06 05:52:44'),(46,139340193,'theundergroundt',NULL,'https://avatars.githubusercontent.com/u/139340193?v=4','gAAAAABphYMlH3jOOK08Zz4cx6oMSsbdN01JCHsmPij2b6rwmJARZU-yGikWge4bTMpMNmdLUbu8UQ6ruKv44YD0e-2mr65umLmE1wc0sxy6jktOYbew-pE2qddmApjhLVZoS5yKCW5w',NULL,NULL,1,1,0,'2026-02-06 05:59:01','2026-02-06 06:00:57'),(47,154876483,'ohyu628','hhxx0083@gmail.com','https://avatars.githubusercontent.com/u/154876483?v=4','gAAAAABphg1x_ymfPhOoerTbhz5JtiRaLVmrTvYP0YNond2pB7EvGETAJYhNI9JPmKHlx1awYpiUWqwy9K34GJWp1VjoEWwDJFWdAsMOcf91-p-uG21APWLSyVaNkg7TknJozuYIUfaO',NULL,NULL,1,1,0,'2026-02-06 06:02:41','2026-02-06 15:49:05'),(48,191496190,'SSAFY-YW',NULL,'https://avatars.githubusercontent.com/u/191496190?v=4','gAAAAABphYQD1X-TPZFYAYlLVflIA3eH1Eg_qnFLo39RZGxNCBiVwcgvA5HRxvkvYeuI-baup0vzNrOD8DGeZIXSVhkey_vlhuPGlyvVM3Ac6OW4kbU_k2H7QgfJ_68YG7kWHH4Fohtd',NULL,NULL,1,1,0,'2026-02-06 06:02:43','2026-02-06 06:05:41'),(49,221244099,'shsgrnd',NULL,'https://avatars.githubusercontent.com/u/221244099?v=4','gAAAAABphYULEZemy-kILZH4584JJdY2wen6o25QkUTcCm2fpUtXyJ2XRKjYxjL9QsHQQQz548B9A9pWa5vKJW6AMHPM6k9a2JHHXLi7tD2FJugCFzaoq-gAimBxf0IwtPr4T5arZD4q',NULL,NULL,1,0,0,'2026-02-06 06:07:07','2026-02-06 06:07:07'),(50,221067873,'eulbang',NULL,'https://avatars.githubusercontent.com/u/221067873?v=4','gAAAAABphYVE7w6vqVnD1akJRO3lvsEeAavZ35rgrID03YVWT4T3VPN90ZJlH5_mMT9VtQp_WwpleWDq7FwGFKLdl7JV24H_a-GdOohGzUXJ9FF_LPx9lSg0IVt3Fw9ztDL6vjbaRjXo',NULL,NULL,1,1,0,'2026-02-06 06:08:04','2026-02-06 06:09:26'),(51,221243957,'kch0324',NULL,'https://avatars.githubusercontent.com/u/221243957?v=4','gAAAAABphZvy4rn75Kzs-29jWTMPeTNDa-4U2kRfsM0LDBuAB25RMk5zuAfj5kJ-zmqkm4omtL_HRdnN-ysXtLNX5L-z4C_8STQjCmFXuizczpcO-Uj-RkzaBuOL30_HPsVZ9dPyGwNp',NULL,NULL,1,1,1,'2026-02-06 06:11:50','2026-02-06 07:44:50'),(53,114369169,'gpsrlin115',NULL,'https://avatars.githubusercontent.com/u/114369169?v=4','gAAAAABphYdXRtrqmiBJFaqbiR1GXx3T_wVs0S94V-3OneOzkBlkB2W1Zt282nAvB3ygUedaBq9JnIH7BTrAECf1TSywf8PgEs1xDrx_uwdwHl5YWXcAqRpPUTwheM6xFTYsZE1SkJTu',NULL,NULL,1,1,0,'2026-02-06 06:16:55','2026-02-06 06:18:37'),(54,221245633,'yurim56',NULL,'https://avatars.githubusercontent.com/u/221245633?v=4','gAAAAABphYeaLHEEoDwPdBlcG5BovP8JA9TLsc0TbeWwzbmmHcpFwfeYWkPGfmFJTDtMXu2UQXGZJGxqgK_RvIwtejoKnuEPuMbJxLm3P4dErwrJ-HcQ6gxtBq4hmujEy8fC6qGcSrq2',NULL,NULL,1,1,0,'2026-02-06 06:18:02','2026-02-06 06:19:19'),(57,259792304,'ssafytest-beep',NULL,'https://avatars.githubusercontent.com/u/259792304?v=4','gAAAAABphZeAg7iGyIE0Zi36YTqHt6PpRI9ff7VipgjSdbGjSfvL97yEr_YE76zcLg6rMFWp3OC6UxGpHZTSfZImpPj2lmNhpFD3fiodAFi8N7ObkgKs4_5MIGKyQhMd4WJz4sKvfE4a',NULL,NULL,1,1,1,'2026-02-06 06:20:31','2026-02-06 07:25:52'),(58,122220184,'JeonginWon',NULL,'https://avatars.githubusercontent.com/u/122220184?v=4','gAAAAABphYhlNl_L9JWmSuEN8lYu0uH7KRBBDq068pzu-yMW5G-tC9ER2tBDDA2QVKLSwq1QthjsoGvRydH8JbZGoy4RScXWXm-Z7AV7OtN0nfgjfkfbrAXZ_6xqwTbl_00IE_VTmmKT',NULL,NULL,1,1,0,'2026-02-06 06:21:25','2026-02-06 06:24:33'),(59,259805981,'kksshh0531-jpg',NULL,'https://avatars.githubusercontent.com/u/259805981?v=4','gAAAAABphZszeTNiK7jHe57iyy-L1RlNV_CAn6ugYw1bwBOOpiI7_50QrqiYZm89SaEyShLKMG12aJ87hhXFObslMJbyq4bXtL5TuG9591mAcJOxNOemsZVfuURd-SppugIldBMjoe_F',NULL,NULL,1,1,0,'2026-02-06 07:41:39','2026-02-06 07:42:33'),(60,89386815,'seoy0ung',NULL,'https://avatars.githubusercontent.com/u/89386815?v=4','gAAAAABphZ4IbKRUYSOvHYsFcCDAB8Sq8BGx0845ynhpmcomFwafJjqd0ECAdyzSzXUmvgSRc6IPMf4CBovYfOrr_WqXYm7WuE2D79N4S9IH4nJhCqFqv0oFaMQq_MtNCfr8DNfAmmfY',NULL,NULL,1,1,0,'2026-02-06 07:53:44','2026-02-06 07:57:05'),(61,223666806,'hsjangjang',NULL,'https://avatars.githubusercontent.com/u/223666806?v=4','gAAAAABphaCFoyIIyvUto0Jg85fNgZRaPBz0duaej0_xO5K8zoSY1ytvlcjp39uDY8qpDmOHKuSWXQTUr3-cNYzlFOowhNbl1VKXGIdaubNFFCcV-TmMzAnVP2hMZq94YBMIaf9KAF9f',NULL,NULL,1,1,0,'2026-02-06 08:04:21','2026-02-06 08:05:46'),(62,86709992,'One-Easy',NULL,'https://avatars.githubusercontent.com/u/86709992?v=4','gAAAAABpham6F9OmEnyq-ul36vaRBTvYp3fMWrY3zG2OGMtBwJxUk3vSHbhmc1whrRwl5SEEjXSB0nX2jBY0HHOYjyiAlV8Z-kr3PZQTzZOecjnmKAL6tfrzPuxa_Re44HHX7qxAjzka',NULL,NULL,1,1,0,'2026-02-06 08:43:38','2026-02-06 08:45:14'),(63,52471298,'psmoon7304',NULL,'https://avatars.githubusercontent.com/u/52471298?v=4','gAAAAABphcy_D2nw2mI8fTg_rcB3XRQyFoNj252SnMvQb_N_y1-FveTdP5TUqh7pIv_rLAPXsBmWY126XeCIP4ssjAccfeeEP1DAocx777I2-wyIH5XOxv6cvlRiOlGDNTKWYpiQ5bon',NULL,NULL,1,1,0,'2026-02-06 11:13:03','2026-02-06 11:18:20'),(64,221245839,'Seoyeong-max',NULL,'https://avatars.githubusercontent.com/u/221245839?v=4','gAAAAABphdiLu8niROGJQ4swwm85WSrKE3ZaP6xREIQpH_us44aOz4R7W1CH_8fnSxG7fEd8RZVsu5vZOwTh1zMk01JLNGVEg8cmu46Ty-mPEsi97FUL-GmXzkGyXpI5r8lVcFb2x0dR',NULL,NULL,1,1,0,'2026-02-06 12:03:23','2026-02-06 12:04:19'),(65,126196812,'DooDooLee',NULL,'https://avatars.githubusercontent.com/u/126196812?v=4','gAAAAABphf9kTWB7uGGBqEdSiJH9KzUC9gFHXDC1pl26VlcZ02Az5ssGH8ei3_iETmYm8ggCRcxC6d5Amu7ZqzRrqVtjjKUWWv-uzXWLDReg73EgNNQUvK1nJz0jtm0iKwNsdGKzE-TC',NULL,NULL,1,1,0,'2026-02-06 14:49:08','2026-02-06 14:49:47'),(66,223622177,'say1-e',NULL,'https://avatars.githubusercontent.com/u/223622177?v=4','gAAAAABphrh8cPUCvYwRmyknUyt_RHITcrhiwYXnW5UdLTpyU-V6C_LgYfj1Vws0iiFjkkVI2M4lj4_63Ne7HQu22huaFCfPwIioSqWsHZWbuQmaBeQVslKZVanyZNLU3-4MLBnhKqCr',NULL,NULL,1,1,0,'2026-02-07 03:58:52','2026-02-07 04:02:11'),(67,141665910,'rjiwoo',NULL,'https://avatars.githubusercontent.com/u/141665910?v=4','gAAAAABpiCqc54F0tWSeLeF_Fh8rQLdISf4DC2qoyznpemFlpsJd7whgUz2NdVe0iXBmOTf8a_FYKJg0u39KRDkxTJJDMmcaSa9AD3gJntAF_OP5ujIshxKFT_W1GmBsQ6JE_RkosGgT',NULL,NULL,1,1,0,'2026-02-08 06:18:04','2026-02-08 06:19:48');
/*!40000 ALTER TABLE `users` ENABLE KEYS */;
UNLOCK TABLES;
/*!40103 SET TIME_ZONE=@OLD_TIME_ZONE */;

/*!40101 SET SQL_MODE=@OLD_SQL_MODE */;
/*!40014 SET FOREIGN_KEY_CHECKS=@OLD_FOREIGN_KEY_CHECKS */;
/*!40014 SET UNIQUE_CHECKS=@OLD_UNIQUE_CHECKS */;
/*!40101 SET CHARACTER_SET_CLIENT=@OLD_CHARACTER_SET_CLIENT */;
/*!40101 SET CHARACTER_SET_RESULTS=@OLD_CHARACTER_SET_RESULTS */;
/*!40101 SET COLLATION_CONNECTION=@OLD_COLLATION_CONNECTION */;
/*!40111 SET SQL_NOTES=@OLD_SQL_NOTES */;

-- Dump completed on 2026-02-09  0:00:54
